Study.name,Group,Full.name,WL.num,Sample.type,Study.stage,Days.since.Tx.start,Treatment.days,Washout.period,CFU,Adjusted.16S.Original,Culture.status,CFU_LOD,uL.template.RTP.16S.Original,cDNA.dilution.RTP.16S.Original,Median.Count.RTP.16S.Original,uL.RNA.into.RT.RTP.16S.Original,T50,T50_ci_low,T50_ci_up,T95,T95_ci_low,T95_ci_up
Gates-BC-Rel-01,PreRx,Gates-BC-Rel-01_Pre-Rx_LG A,5740,mouse,,0,0,0,20600000,919402142.4,NA,NA,2,10,245173.9047,2,NA,NA,NA,NA,NA,NA
Gates-BC-Rel-01,PreRx,Gates-BC-Rel-01_Pre-Rx_LG B,5741,mouse,,0,0,0,12700000,915402130.5,NA,NA,2,10,244107.2348,2,NA,NA,NA,NA,NA,NA
Gates-BC-Rel-01,PreRx,Gates-BC-Rel-01_Pre-Rx_LG C,5742,mouse,,0,0,0,20200000,2480907718,NA,NA,2,10,661575.3914,2,NA,NA,NA,NA,NA,NA
Gates-BC-Rel-01,PreRx,Gates-BC-Rel-01_Pre-Rx_LG D,5743,mouse,,0,0,0,20400000,1790441573,NA,NA,2,10,477451.086,2,NA,NA,NA,NA,NA,NA
Gates-BC-Rel-01,PreRx,Gates-BC-Rel-01_Pre-Rx_LG E,5744,mouse,,0,0,0,15900000,2005707634,NA,NA,2,10,534855.369,2,NA,NA,NA,NA,NA,NA
Gates-BC-Rel-01,PreRx,Gates-BC-Rel-01_Pre-Rx_LG F,5745,mouse,,0,0,0,15700000,1716742908,NA,NA,2,10,457798.1088,2,NA,NA,NA,NA,NA,NA
Gates-BC-Rel-01,HRZE,Gates-BC-Rel-01_1wk_Grp 2: 2HRZE/3HR_LG A,5746,mouse,On Treatment,7,7,0,6800000,1400482194,NA,NA,2,10,373461.9185,2,17.38476672,16.85147642,17.91805701,20.83078329,20.297493,21.36407358
Gates-BC-Rel-01,HRZE,Gates-BC-Rel-01_1wk_Grp 2: 2HRZE/3HR_LG B,5747,mouse,On Treatment,7,7,0,6090000,1582044948,NA,NA,2,10,421878.6528,2,17.38476672,16.85147642,17.91805701,20.83078329,20.297493,21.36407358
Gates-BC-Rel-01,HRZE,Gates-BC-Rel-01_1wk_Grp 2: 2HRZE/3HR_LG C,5748,mouse,On Treatment,7,7,0,10800000,796696625.4,NA,NA,2,10,212452.4334,2,17.38476672,16.85147642,17.91805701,20.83078329,20.297493,21.36407358
Gates-BC-Rel-01,PaMZ,Gates-BC-Rel-01_1wk_Grp 3: PaMZ_LG A,5749,mouse,On Treatment,7,7,0,3750000,1322687146,NA,NA,2,10,352716.5722,2,10.98338088,8.982932151,12.98382961,13.16051177,11.16006304,15.1609605
Gates-BC-Rel-01,PaMZ,Gates-BC-Rel-01_1wk_Grp 3: PaMZ_LG B,5750,mouse,On Treatment,7,7,0,2480000,1455073769,NA,NA,2,10,388019.6717,2,10.98338088,8.982932151,12.98382961,13.16051177,11.16006304,15.1609605
Gates-BC-Rel-01,PaMZ,Gates-BC-Rel-01_1wk_Grp 3: PaMZ_LG C,5751,mouse,On Treatment,7,7,0,7270000,1277614932,NA,NA,2,10,340697.3152,2,10.98338088,8.982932151,12.98382961,13.16051177,11.16006304,15.1609605
Gates-BC-Rel-01,BPaL,Gates-BC-Rel-01_1wk_Grp 4: BPaL_LG A,5752,mouse,On Treatment,7,7,0,1920000,1474084074,NA,NA,2,10,393089.0864,2,8.204487147,7.991936648,8.417037646,9.83078442,9.618233921,10.04333492
Gates-BC-Rel-01,BPaL,Gates-BC-Rel-01_1wk_Grp 4: BPaL_LG B,5753,mouse,On Treatment,7,7,0,2950000,1375114924,NA,NA,2,10,366697.3129,2,8.204487147,7.991936648,8.417037646,9.83078442,9.618233921,10.04333492
Gates-BC-Rel-01,BPaL,Gates-BC-Rel-01_1wk_Grp 4: BPaL_LG C,5754,mouse,On Treatment,7,7,0,6090000,1849308140,NA,NA,2,10,493148.8374,2,8.204487147,7.991936648,8.417037646,9.83078442,9.618233921,10.04333492
Gates-BC-Rel-01,BPaMZ,Gates-BC-Rel-01_1wk_Grp 5: BPaMZ_LG A,5755,mouse,On Treatment,7,7,0,1410000,2148318568,NA,NA,2,10,572884.9514,2,4.567387498,4.12906636,5.005708636,5.472737181,5.034416042,5.911058319
Gates-BC-Rel-01,BPaMZ,Gates-BC-Rel-01_1wk_Grp 5: BPaMZ_LG B,5756,mouse,On Treatment,7,7,0,1030000,2546476536,NA,NA,2,10,679060.4096,2,4.567387498,4.12906636,5.005708636,5.472737181,5.034416042,5.911058319
Gates-BC-Rel-01,BPaMZ,Gates-BC-Rel-01_1wk_Grp 5: BPaMZ_LG C,5757,mouse,On Treatment,7,7,0,2340000,3602065875,NA,NA,2,10,960550.9002,2,4.567387498,4.12906636,5.005708636,5.472737181,5.034416042,5.911058319
Gates-BC-Rel-01,HRZE,Gates-BC-Rel-01_2wk_Grp 2: 2HRZE/3HR_LG A,5764,mouse,On Treatment,14,14,0,2110000,802630560.3,NA,NA,2,10,214034.8161,2,17.38476672,16.85147642,17.91805701,20.83078329,20.297493,21.36407358
Gates-BC-Rel-01,HRZE,Gates-BC-Rel-01_2wk_Grp 2: 2HRZE/3HR_LG B,5765,mouse,On Treatment,14,14,0,1410000,575829645.6,NA,NA,2,10,153554.5721,2,17.38476672,16.85147642,17.91805701,20.83078329,20.297493,21.36407358
Gates-BC-Rel-01,HRZE,Gates-BC-Rel-01_2wk_Grp 2: 2HRZE/3HR_LG C,5766,mouse,On Treatment,14,14,0,3520000,921010949.1,NA,NA,2,10,245602.9197,2,17.38476672,16.85147642,17.91805701,20.83078329,20.297493,21.36407358
Gates-BC-Rel-01,HRZE,Gates-BC-Rel-01_2wk_Grp 2: 2HRZE/3HR_LG D,5767,mouse,On Treatment,14,14,0,1920000,878139865.8,NA,NA,2,10,234170.6309,2,17.38476672,16.85147642,17.91805701,20.83078329,20.297493,21.36407358
Gates-BC-Rel-01,HRZE,Gates-BC-Rel-01_2wk_Grp 2: 2HRZE/3HR_LG E,5768,mouse,On Treatment,14,14,0,2720000,921540183.9,NA,NA,2,10,245744.0491,2,17.38476672,16.85147642,17.91805701,20.83078329,20.297493,21.36407358
Gates-BC-Rel-01,HRZE,Gates-BC-Rel-01_2wk_Grp 2: 2HRZE/3HR_LG F,5769,mouse,On Treatment,14,14,0,2200000,1052252198,NA,NA,2,10,280600.5861,2,17.38476672,16.85147642,17.91805701,20.83078329,20.297493,21.36407358
Gates-BC-Rel-01,PaMZ,Gates-BC-Rel-01_2wk_Grp 3: PaMZ_LG A,5770,mouse,On Treatment,14,14,0,263000,563764316.1,NA,NA,2,10,150337.1509,2,10.98338088,8.982932151,12.98382961,13.16051177,11.16006304,15.1609605
Gates-BC-Rel-01,PaMZ,Gates-BC-Rel-01_2wk_Grp 3: PaMZ_LG B,5771,mouse,On Treatment,14,14,0,394000,1619849140,NA,NA,2,10,431959.7706,2,10.98338088,8.982932151,12.98382961,13.16051177,11.16006304,15.1609605
Gates-BC-Rel-01,PaMZ,Gates-BC-Rel-01_2wk_Grp 3: PaMZ_LG C,5772,mouse,On Treatment,14,14,0,178000,1552639328,NA,NA,2,10,414037.1541,2,10.98338088,8.982932151,12.98382961,13.16051177,11.16006304,15.1609605
Gates-BC-Rel-01,PaMZ,Gates-BC-Rel-01_2wk_Grp 3: PaMZ_LG D,5773,mouse,On Treatment,14,14,0,88100,915506440.2,NA,NA,2,10,244135.0507,2,10.98338088,8.982932151,12.98382961,13.16051177,11.16006304,15.1609605
Gates-BC-Rel-01,PaMZ,Gates-BC-Rel-01_2wk_Grp 3: PaMZ_LG E,5774,mouse,On Treatment,14,14,0,253000,1301980049,NA,NA,2,10,347194.6797,2,10.98338088,8.982932151,12.98382961,13.16051177,11.16006304,15.1609605
Gates-BC-Rel-01,PaMZ,Gates-BC-Rel-01_2wk_Grp 3: PaMZ_LG F,5775,mouse,On Treatment,14,14,0,234000,1656267055,NA,NA,2,10,441671.2147,2,10.98338088,8.982932151,12.98382961,13.16051177,11.16006304,15.1609605
Gates-BC-Rel-01,BPaL,Gates-BC-Rel-01_2wk_Grp 4: BPaL_LG A,5776,mouse,On Treatment,14,14,0,82500,554387010.6,NA,NA,2,10,147836.5362,2,8.204487147,7.991936648,8.417037646,9.83078442,9.618233921,10.04333492
Gates-BC-Rel-01,BPaL,Gates-BC-Rel-01_2wk_Grp 4: BPaL_LG B,5777,mouse,On Treatment,14,14,0,88100,1058997997,NA,NA,2,10,282399.4658,2,8.204487147,7.991936648,8.417037646,9.83078442,9.618233921,10.04333492
Gates-BC-Rel-01,BPaL,Gates-BC-Rel-01_2wk_Grp 4: BPaL_LG C,5778,mouse,On Treatment,14,14,0,384000,644408460.9,NA,NA,2,10,171842.2562,2,8.204487147,7.991936648,8.417037646,9.83078442,9.618233921,10.04333492
Gates-BC-Rel-01,BPaL,Gates-BC-Rel-01_2wk_Grp 4: BPaL_LG D,5779,mouse,On Treatment,14,14,0,24400,722906196,NA,NA,2,10,192774.9856,2,8.204487147,7.991936648,8.417037646,9.83078442,9.618233921,10.04333492
Gates-BC-Rel-01,BPaL,Gates-BC-Rel-01_2wk_Grp 4: BPaL_LG E,5780,mouse,On Treatment,14,14,0,101000,893244359.4,NA,NA,2,10,238198.4958,2,8.204487147,7.991936648,8.417037646,9.83078442,9.618233921,10.04333492
Gates-BC-Rel-01,BPaL,Gates-BC-Rel-01_2wk_Grp 4: BPaL_LG F,5781,mouse,On Treatment,14,14,0,206000,1020926624,NA,NA,2,10,272247.0997,2,8.204487147,7.991936648,8.417037646,9.83078442,9.618233921,10.04333492
Gates-BC-Rel-01,BPaMZ,Gates-BC-Rel-01_2wk_Grp 5: BPaMZ_LG A,5782,mouse,On Treatment,14,14,0,2250,567791163,NA,NA,2,10,151410.9768,2,4.567387498,4.12906636,5.005708636,5.472737181,5.034416042,5.911058319
Gates-BC-Rel-01,BPaMZ,Gates-BC-Rel-01_2wk_Grp 5: BPaMZ_LG B,5783,mouse,On Treatment,14,14,0,3500,987835631.4,NA,NA,2,10,263422.835,2,4.567387498,4.12906636,5.005708636,5.472737181,5.034416042,5.911058319
Gates-BC-Rel-01,BPaMZ,Gates-BC-Rel-01_2wk_Grp 5: BPaMZ_LG C,5784,mouse,On Treatment,14,14,0,4750,629472208.5,NA,NA,2,10,167859.2556,2,4.567387498,4.12906636,5.005708636,5.472737181,5.034416042,5.911058319
Gates-BC-Rel-01,BPaMZ,Gates-BC-Rel-01_2wk_Grp 5: BPaMZ_LG D,5785,mouse,On Treatment,14,14,0,5000,291494792.9,NA,NA,2,10,77731.94476,2,4.567387498,4.12906636,5.005708636,5.472737181,5.034416042,5.911058319
Gates-BC-Rel-01,BPaMZ,Gates-BC-Rel-01_2wk_Grp 5: BPaMZ_LG E,5786,mouse,On Treatment,14,14,0,6250,496284864.9,NA,NA,2,10,132342.6306,2,4.567387498,4.12906636,5.005708636,5.472737181,5.034416042,5.911058319
Gates-BC-Rel-01,BPaMZ,Gates-BC-Rel-01_2wk_Grp 5: BPaMZ_LG F,5787,mouse,On Treatment,14,14,0,4500,303642516.3,NA,NA,2,10,80971.33765,2,4.567387498,4.12906636,5.005708636,5.472737181,5.034416042,5.911058319
Gates-BC-Rel-01,HRZE,Gates-BC-Rel-01_3wk_Grp 2: 2HRZE/3HR_LG A,5788,mouse,On Treatment,21,21,0,984000,146604589.1,NA,NA,2,10,39094.55709,2,17.38476672,16.85147642,17.91805701,20.83078329,20.297493,21.36407358
Gates-BC-Rel-01,HRZE,Gates-BC-Rel-01_3wk_Grp 2: 2HRZE/3HR_LG B,5789,mouse,On Treatment,21,21,0,844000,112774427.5,NA,NA,2,10,30073.18066,2,17.38476672,16.85147642,17.91805701,20.83078329,20.297493,21.36407358
Gates-BC-Rel-01,HRZE,Gates-BC-Rel-01_3wk_Grp 2: 2HRZE/3HR_LG C,5790,mouse,On Treatment,21,21,0,13900,113851598.4,NA,NA,2,10,30360.42625,2,17.38476672,16.85147642,17.91805701,20.83078329,20.297493,21.36407358
Gates-BC-Rel-01,HRZE,Gates-BC-Rel-01_3wk_Grp 2: 2HRZE/3HR_LG D,5791,mouse,On Treatment,21,21,0,703000,182702227.8,NA,NA,2,10,48720.59408,2,17.38476672,16.85147642,17.91805701,20.83078329,20.297493,21.36407358
Gates-BC-Rel-01,HRZE,Gates-BC-Rel-01_3wk_Grp 2: 2HRZE/3HR_LG E,5792,mouse,On Treatment,21,21,0,1080000,245353248.8,NA,NA,2,10,65427.533,2,17.38476672,16.85147642,17.91805701,20.83078329,20.297493,21.36407358
Gates-BC-Rel-01,HRZE,Gates-BC-Rel-01_3wk_Grp 2: 2HRZE/3HR_LG F,5793,mouse,On Treatment,21,21,0,844000,354208247.4,NA,NA,2,10,94455.53267,2,17.38476672,16.85147642,17.91805701,20.83078329,20.297493,21.36407358
Gates-BC-Rel-01,PaMZ,Gates-BC-Rel-01_3wk_Grp 3: PaMZ_LG A,5794,mouse,On Treatment,21,21,0,5250,225666874.9,NA,NA,2,10,60177.8333,2,10.98338088,8.982932151,12.98382961,13.16051177,11.16006304,15.1609605
Gates-BC-Rel-01,PaMZ,Gates-BC-Rel-01_3wk_Grp 3: PaMZ_LG B,5795,mouse,On Treatment,21,21,0,11600,642341013,NA,NA,2,10,171290.9368,2,10.98338088,8.982932151,12.98382961,13.16051177,11.16006304,15.1609605
Gates-BC-Rel-01,PaMZ,Gates-BC-Rel-01_3wk_Grp 3: PaMZ_LG C,5796,mouse,On Treatment,21,21,0,6000,662626018.8,NA,NA,2,10,176700.2717,2,10.98338088,8.982932151,12.98382961,13.16051177,11.16006304,15.1609605
Gates-BC-Rel-01,PaMZ,Gates-BC-Rel-01_3wk_Grp 3: PaMZ_LG D,5797,mouse,On Treatment,21,21,0,1280,451314802.2,NA,NA,2,10,120350.6139,2,10.98338088,8.982932151,12.98382961,13.16051177,11.16006304,15.1609605
Gates-BC-Rel-01,PaMZ,Gates-BC-Rel-01_3wk_Grp 3: PaMZ_LG E,5798,mouse,On Treatment,21,21,0,443,410296744.5,NA,NA,2,10,109412.4652,2,10.98338088,8.982932151,12.98382961,13.16051177,11.16006304,15.1609605
Gates-BC-Rel-01,PaMZ,Gates-BC-Rel-01_3wk_Grp 3: PaMZ_LG F,5799,mouse,On Treatment,21,21,0,1520,495478007.4,NA,NA,2,10,132127.4687,2,10.98338088,8.982932151,12.98382961,13.16051177,11.16006304,15.1609605
Gates-BC-Rel-01,BPaL,Gates-BC-Rel-01_3wk_Grp 4: BPaL_LG A,5800,mouse,On Treatment,21,21,0,1130,451461198.6,NA,NA,2,10,120389.653,2,8.204487147,7.991936648,8.417037646,9.83078442,9.618233921,10.04333492
Gates-BC-Rel-01,BPaL,Gates-BC-Rel-01_3wk_Grp 4: BPaL_LG B,5801,mouse,On Treatment,21,21,0,1520,443689846.8,NA,NA,2,10,118317.2924,2,8.204487147,7.991936648,8.417037646,9.83078442,9.618233921,10.04333492
Gates-BC-Rel-01,BPaL,Gates-BC-Rel-01_3wk_Grp 4: BPaL_LG C,5802,mouse,On Treatment,21,21,0,2660,1221130616,NA,NA,2,10,325634.8308,2,8.204487147,7.991936648,8.417037646,9.83078442,9.618233921,10.04333492
Gates-BC-Rel-01,BPaL,Gates-BC-Rel-01_3wk_Grp 4: BPaL_LG D,5803,mouse,On Treatment,21,21,0,1370,925788102.9,NA,NA,2,10,246876.8274,2,8.204487147,7.991936648,8.417037646,9.83078442,9.618233921,10.04333492
Gates-BC-Rel-01,BPaL,Gates-BC-Rel-01_3wk_Grp 4: BPaL_LG E,5804,mouse,On Treatment,21,21,0,4330,569627927.1,NA,NA,2,10,151900.7806,2,8.204487147,7.991936648,8.417037646,9.83078442,9.618233921,10.04333492
Gates-BC-Rel-01,BPaL,Gates-BC-Rel-01_3wk_Grp 4: BPaL_LG F,5805,mouse,On Treatment,21,21,0,1040,422593151.7,NA,NA,2,10,112691.5071,2,8.204487147,7.991936648,8.417037646,9.83078442,9.618233921,10.04333492
Gates-BC-Rel-01,BPaMZ,Gates-BC-Rel-01_3wk_Grp 5: BPaMZ_LG A,5806,mouse,On Treatment,21,21,0,60,398085315.3,NA,NA,2,10,106156.0841,2,4.567387498,4.12906636,5.005708636,5.472737181,5.034416042,5.911058319
Gates-BC-Rel-01,BPaMZ,Gates-BC-Rel-01_3wk_Grp 5: BPaMZ_LG B,5807,mouse,On Treatment,21,21,0,30,368878894.5,NA,NA,2,10,98367.70518,2,4.567387498,4.12906636,5.005708636,5.472737181,5.034416042,5.911058319
Gates-BC-Rel-01,BPaMZ,Gates-BC-Rel-01_3wk_Grp 5: BPaMZ_LG C,5808,mouse,On Treatment,21,21,0,15,388159688.7,NA,NA,2,10,103509.2503,2,4.567387498,4.12906636,5.005708636,5.472737181,5.034416042,5.911058319
Gates-BC-Rel-01,BPaMZ,Gates-BC-Rel-01_3wk_Grp 5: BPaMZ_LG D,5809,mouse,On Treatment,21,21,0,37.5,326740674,NA,NA,2,10,87130.84637,2,4.567387498,4.12906636,5.005708636,5.472737181,5.034416042,5.911058319
Gates-BC-Rel-01,BPaMZ,Gates-BC-Rel-01_3wk_Grp 5: BPaMZ_LG E,5810,mouse,On Treatment,21,21,0,82.5,299625651.1,NA,NA,2,10,79900.17362,2,4.567387498,4.12906636,5.005708636,5.472737181,5.034416042,5.911058319
Gates-BC-Rel-01,BPaMZ,Gates-BC-Rel-01_3wk_Grp 5: BPaMZ_LG F,5811,mouse,On Treatment,21,21,0,52.5,715180888.8,NA,NA,2,10,190714.9037,2,4.567387498,4.12906636,5.005708636,5.472737181,5.034416042,5.911058319
Gates-BC-Rel-01,HRZE,Gates-BC-Rel-01_4wk_Grp 2: 2HRZE/3HR_LG A,5812,mouse,On Treatment,28,28,0,107000,273204311.4,NA,NA,2,10,72854.48303,2,17.38476672,16.85147642,17.91805701,20.83078329,20.297493,21.36407358
Gates-BC-Rel-01,HRZE,Gates-BC-Rel-01_4wk_Grp 2: 2HRZE/3HR_LG B,5813,mouse,On Treatment,28,28,0,103000,199020558.6,NA,NA,2,10,53072.14897,2,17.38476672,16.85147642,17.91805701,20.83078329,20.297493,21.36407358
Gates-BC-Rel-01,HRZE,Gates-BC-Rel-01_4wk_Grp 2: 2HRZE/3HR_LG C,5814,mouse,On Treatment,28,28,0,103000,56305384.59,NA,NA,2,10,15014.76922,2,17.38476672,16.85147642,17.91805701,20.83078329,20.297493,21.36407358
Gates-BC-Rel-01,HRZE,Gates-BC-Rel-01_4wk_Grp 2: 2HRZE/3HR_LG D,5815,mouse,On Treatment,28,28,0,253000,182743220,NA,NA,2,10,48731.52533,2,17.38476672,16.85147642,17.91805701,20.83078329,20.297493,21.36407358
Gates-BC-Rel-01,HRZE,Gates-BC-Rel-01_4wk_Grp 2: 2HRZE/3HR_LG E,5816,mouse,On Treatment,28,28,0,80600,276253004.1,NA,NA,2,10,73667.46775,2,17.38476672,16.85147642,17.91805701,20.83078329,20.297493,21.36407358
Gates-BC-Rel-01,HRZE,Gates-BC-Rel-01_4wk_Grp 2: 2HRZE/3HR_LG F,5817,mouse,On Treatment,28,28,0,116000,380039416.5,NA,NA,2,10,101343.8444,2,17.38476672,16.85147642,17.91805701,20.83078329,20.297493,21.36407358
Gates-BC-Rel-01,PaMZ,Gates-BC-Rel-01_4wk_Grp 3: PaMZ_LG A,5818,mouse,On Treatment,28,28,0,203,411589713,NA,NA,2,10,109757.2568,2,10.98338088,8.982932151,12.98382961,13.16051177,11.16006304,15.1609605
Gates-BC-Rel-01,PaMZ,Gates-BC-Rel-01_4wk_Grp 3: PaMZ_LG B,5819,mouse,On Treatment,28,28,0,180,354555742.5,NA,NA,2,10,94548.19802,2,10.98338088,8.982932151,12.98382961,13.16051177,11.16006304,15.1609605
Gates-BC-Rel-01,PaMZ,Gates-BC-Rel-01_4wk_Grp 3: PaMZ_LG C,5820,mouse,On Treatment,28,28,0,2420,467052917.7,NA,NA,2,10,124547.4448,2,10.98338088,8.982932151,12.98382961,13.16051177,11.16006304,15.1609605
Gates-BC-Rel-01,PaMZ,Gates-BC-Rel-01_4wk_Grp 3: PaMZ_LG D,5821,mouse,On Treatment,28,28,0,97.5,245540829.3,NA,NA,2,10,65477.55448,2,10.98338088,8.982932151,12.98382961,13.16051177,11.16006304,15.1609605
Gates-BC-Rel-01,PaMZ,Gates-BC-Rel-01_4wk_Grp 3: PaMZ_LG E,5822,mouse,On Treatment,28,28,0,97.5,246399880.8,NA,NA,2,10,65706.63488,2,10.98338088,8.982932151,12.98382961,13.16051177,11.16006304,15.1609605
Gates-BC-Rel-01,PaMZ,Gates-BC-Rel-01_4wk_Grp 3: PaMZ_LG F,5823,mouse,On Treatment,28,28,0,60,146865597,NA,NA,2,10,39164.15919,2,10.98338088,8.982932151,12.98382961,13.16051177,11.16006304,15.1609605
Gates-BC-Rel-01,BPaL,Gates-BC-Rel-01_4wk_Grp 4: BPaL_LG A,5824,mouse,On Treatment,28,28,0,55.4,389117318.1,NA,NA,2,10,103764.6181,2,8.204487147,7.991936648,8.417037646,9.83078442,9.618233921,10.04333492
Gates-BC-Rel-01,BPaL,Gates-BC-Rel-01_4wk_Grp 4: BPaL_LG B,5825,mouse,On Treatment,28,28,0,137,441830667.3,NA,NA,2,10,117821.5113,2,8.204487147,7.991936648,8.417037646,9.83078442,9.618233921,10.04333492
Gates-BC-Rel-01,BPaL,Gates-BC-Rel-01_4wk_Grp 4: BPaL_LG C,5826,mouse,On Treatment,28,28,0,45.7,332324919,NA,NA,2,10,88619.97842,2,8.204487147,7.991936648,8.417037646,9.83078442,9.618233921,10.04333492
Gates-BC-Rel-01,BPaL,Gates-BC-Rel-01_4wk_Grp 4: BPaL_LG D,5827,mouse,On Treatment,28,28,0,218,294391526.2,NA,NA,2,10,78504.40699,2,8.204487147,7.991936648,8.417037646,9.83078442,9.618233921,10.04333492
Gates-BC-Rel-01,BPaL,Gates-BC-Rel-01_4wk_Grp 4: BPaL_LG E,5828,mouse,On Treatment,28,28,0,81.5,273993501.4,NA,NA,2,10,73064.9337,2,8.204487147,7.991936648,8.417037646,9.83078442,9.618233921,10.04333492
Gates-BC-Rel-01,BPaL,Gates-BC-Rel-01_4wk_Grp 4: BPaL_LG F,5829,mouse,On Treatment,28,28,0,81.5,360904952.4,NA,NA,2,10,96241.32067,2,8.204487147,7.991936648,8.417037646,9.83078442,9.618233921,10.04333492
Gates-BC-Rel-01,BPaMZ,Gates-BC-Rel-01_4wk_Grp 5: BPaMZ_LG A,5830,mouse,On Treatment,28,28,0,6.52,202606102.6,NA,NA,2,10,54028.29403,2,4.567387498,4.12906636,5.005708636,5.472737181,5.034416042,5.911058319
Gates-BC-Rel-01,BPaMZ,Gates-BC-Rel-01_4wk_Grp 5: BPaMZ_LG B,5831,mouse,On Treatment,28,28,0,9.78,196894293.9,NA,NA,2,10,52505.14503,2,4.567387498,4.12906636,5.005708636,5.472737181,5.034416042,5.911058319
Gates-BC-Rel-01,BPaMZ,Gates-BC-Rel-01_4wk_Grp 5: BPaMZ_LG C,5832,mouse,On Treatment,28,28,0,1.630434783,146046716.8,NA,NA,2,10,38945.79114,2,4.567387498,4.12906636,5.005708636,5.472737181,5.034416042,5.911058319
Gates-BC-Rel-01,BPaMZ,Gates-BC-Rel-01_4wk_Grp 5: BPaMZ_LG D,5833,mouse,On Treatment,28,28,0,3.26,144957590.4,NA,NA,2,10,38655.35745,2,4.567387498,4.12906636,5.005708636,5.472737181,5.034416042,5.911058319
Gates-BC-Rel-01,BPaMZ,Gates-BC-Rel-01_4wk_Grp 5: BPaMZ_LG E,5834,mouse,On Treatment,28,28,0,1.630434783,114410181.7,NA,NA,2,10,30509.38178,2,4.567387498,4.12906636,5.005708636,5.472737181,5.034416042,5.911058319
Gates-BC-Rel-01,BPaMZ,Gates-BC-Rel-01_4wk_Grp 5: BPaMZ_LG F,5835,mouse,On Treatment,28,28,0,1.630434783,173791583,NA,NA,2,10,46344.42212,2,4.567387498,4.12906636,5.005708636,5.472737181,5.034416042,5.911058319
Gates-BC-Rel-01,BPaMZ,Gates-BC-Rel-01_6wk_Grp 5: BPaMZ_LG A,5856,mouse,On Treatment,42,42,0,1.630434783,23800598.3,NA,NA,2,10,6346.826213,2,4.567387498,4.12906636,5.005708636,5.472737181,5.034416042,5.911058319
Gates-BC-Rel-01,BPaMZ,Gates-BC-Rel-01_6wk_Grp 5: BPaMZ_LG B,5857,mouse,On Treatment,42,42,0,1.630434783,26393623.44,NA,NA,2,10,7038.299583,2,4.567387498,4.12906636,5.005708636,5.472737181,5.034416042,5.911058319
Gates-BC-Rel-01,BPaMZ,Gates-BC-Rel-01_6wk_Grp 5: BPaMZ_LG C,5858,mouse,On Treatment,42,42,0,1.630434783,36615626.49,NA,NA,2,10,9764.16706,2,4.567387498,4.12906636,5.005708636,5.472737181,5.034416042,5.911058319
Gates-BC-Rel-01,BPaMZ,Gates-BC-Rel-01_6wk_Grp 5: BPaMZ_LG D,5859,mouse,On Treatment,42,42,0,1.630434783,57862905.18,NA,NA,2,10,15430.10804,2,4.567387498,4.12906636,5.005708636,5.472737181,5.034416042,5.911058319
Gates-BC-Rel-01,BPaMZ,Gates-BC-Rel-01_6wk_Grp 5: BPaMZ_LG E,5860,mouse,On Treatment,42,42,0,1.630434783,39868722.69,NA,NA,2,10,10631.65938,2,4.567387498,4.12906636,5.005708636,5.472737181,5.034416042,5.911058319
Gates-BC-Rel-01,BPaMZ,Gates-BC-Rel-01_6wk_Grp 5: BPaMZ_LG F,5861,mouse,On Treatment,42,42,0,1.630434783,46881663.57,NA,NA,2,10,12501.77695,2,4.567387498,4.12906636,5.005708636,5.472737181,5.034416042,5.911058319
Gates-BC-Rel-01,BPaL,Gates-BC-Rel-01_8wk_Grp 4: BPaL_LG A,5862,mouse,On Treatment,56,56,0,3.26,27414449.14,NA,NA,2,10,7310.519771,2,8.204487147,7.991936648,8.417037646,9.83078442,9.618233921,10.04333492
Gates-BC-Rel-01,BPaL,Gates-BC-Rel-01_8wk_Grp 4: BPaL_LG B,5863,mouse,On Treatment,56,56,0,6.52,93053004.45,NA,NA,2,10,24814.13452,2,8.204487147,7.991936648,8.417037646,9.83078442,9.618233921,10.04333492
Gates-BC-Rel-01,BPaL,Gates-BC-Rel-01_8wk_Grp 4: BPaL_LG C,5864,mouse,On Treatment,56,56,0,3.26,14764676.63,NA,NA,2,10,3937.247102,2,8.204487147,7.991936648,8.417037646,9.83078442,9.618233921,10.04333492
Gates-BC-Rel-01,BPaL,Gates-BC-Rel-01_8wk_Grp 4: BPaL_LG D,5865,mouse,On Treatment,56,56,0,1.630434783,29236419.41,NA,NA,2,10,7796.378509,2,8.204487147,7.991936648,8.417037646,9.83078442,9.618233921,10.04333492
Gates-BC-Rel-01,BPaL,Gates-BC-Rel-01_8wk_Grp 4: BPaL_LG E,5866,mouse,On Treatment,56,56,0,1.630434783,33854612.01,NA,NA,2,10,9027.89654,2,8.204487147,7.991936648,8.417037646,9.83078442,9.618233921,10.04333492
Gates-BC-Rel-01,BPaL,Gates-BC-Rel-01_8wk_Grp 4: BPaL_LG F,5867,mouse,On Treatment,56,56,0,1.630434783,46197274.14,NA,NA,2,10,12319.27311,2,8.204487147,7.991936648,8.417037646,9.83078442,9.618233921,10.04333492
Gates-BC-Rel-01,BPaMZ,Gates-BC-Rel-01_8wk_Grp 5: BPaMZ_LG A,5868,mouse,On Treatment,56,56,0,1.630434783,10259613.43,NA,NA,2,10,2735.896914,2,4.567387498,4.12906636,5.005708636,5.472737181,5.034416042,5.911058319
Gates-BC-Rel-01,BPaMZ,Gates-BC-Rel-01_8wk_Grp 5: BPaMZ_LG B,5869,mouse,On Treatment,56,56,0,1.630434783,11726265.91,NA,NA,2,10,3127.004242,2,4.567387498,4.12906636,5.005708636,5.472737181,5.034416042,5.911058319
Gates-BC-Rel-01,BPaMZ,Gates-BC-Rel-01_8wk_Grp 5: BPaMZ_LG C,5870,mouse,On Treatment,56,56,0,1.630434783,14164949.08,NA,NA,2,10,3777.319755,2,4.567387498,4.12906636,5.005708636,5.472737181,5.034416042,5.911058319
Gates-BC-Rel-01,BPaMZ,Gates-BC-Rel-01_8wk_Grp 5: BPaMZ_LG D,5871,mouse,On Treatment,56,56,0,1.630434783,18517025.85,NA,NA,2,10,4937.873561,2,4.567387498,4.12906636,5.005708636,5.472737181,5.034416042,5.911058319
Gates-BC-Rel-01,BPaMZ,Gates-BC-Rel-01_8wk_Grp 5: BPaMZ_LG E,5872,mouse,On Treatment,56,56,0,1.630434783,9961141.878,NA,NA,2,10,2656.304501,2,4.567387498,4.12906636,5.005708636,5.472737181,5.034416042,5.911058319
Gates-BC-Rel-01,BPaMZ,Gates-BC-Rel-01_8wk_Grp 5: BPaMZ_LG F,5873,mouse,On Treatment,56,56,0,1.630434783,17373702.42,NA,NA,2,10,4632.987311,2,4.567387498,4.12906636,5.005708636,5.472737181,5.034416042,5.911058319
Gates-BC-Rel-01,PaMZ,Gates-BC-Rel-01_12wk_Grp 3: PaMZ_LG A,6346,mouse,On Treatment,84,84,0,1.630434783,36035737.8,NA,NA,2,10,9609.530082,2,10.98338088,8.982932151,12.98382961,13.16051177,11.16006304,15.1609605
Gates-BC-Rel-01,PaMZ,Gates-BC-Rel-01_12wk_Grp 3: PaMZ_LG B,6347,mouse,On Treatment,84,84,0,1.630434783,27329114.11,NA,NA,2,10,7287.763763,2,10.98338088,8.982932151,12.98382961,13.16051177,11.16006304,15.1609605
Gates-BC-Rel-01,PaMZ,Gates-BC-Rel-01_12wk_Grp 3: PaMZ_LG C,6348,mouse,On Treatment,84,84,0,1.630434783,14686572.54,NA,NA,2,10,3916.419344,2,10.98338088,8.982932151,12.98382961,13.16051177,11.16006304,15.1609605
Gates-BC-Rel-01,PaMZ,Gates-BC-Rel-01_12wk_Grp 3: PaMZ_LG D,6349,mouse,On Treatment,84,84,0,1.630434783,12521646.92,NA,NA,2,10,3339.105844,2,10.98338088,8.982932151,12.98382961,13.16051177,11.16006304,15.1609605
Gates-BC-Rel-01,PaMZ,Gates-BC-Rel-01_12wk_Grp 3: PaMZ_LG E,6350,mouse,On Treatment,84,84,0,1.630434783,20135457.3,NA,NA,2,10,5369.455279,2,10.98338088,8.982932151,12.98382961,13.16051177,11.16006304,15.1609605
Gates-BC-Rel-01,PaMZ,Gates-BC-Rel-01_12wk_Grp 3: PaMZ_LG F,6351,mouse,On Treatment,84,84,0,1.630434783,32287085.43,NA,NA,2,10,8609.889447,2,10.98338088,8.982932151,12.98382961,13.16051177,11.16006304,15.1609605
Gates-BC-Rel-01,BPaL,Gates-BC-Rel-01_12wk_Grp 4: BPaL_LG A,6352,mouse,On Treatment,84,84,0,1.630434783,11879460.68,NA,NA,2,10,3167.856183,2,8.204487147,7.991936648,8.417037646,9.83078442,9.618233921,10.04333492
Gates-BC-Rel-01,BPaL,Gates-BC-Rel-01_12wk_Grp 4: BPaL_LG B,6353,mouse,On Treatment,84,84,0,1.630434783,9628888.269,NA,NA,2,10,2567.703538,2,8.204487147,7.991936648,8.417037646,9.83078442,9.618233921,10.04333492
Gates-BC-Rel-01,BPaL,Gates-BC-Rel-01_12wk_Grp 4: BPaL_LG C,6354,mouse,On Treatment,84,84,0,1.630434783,5634386.691,NA,NA,2,10,1502.503118,2,8.204487147,7.991936648,8.417037646,9.83078442,9.618233921,10.04333492
Gates-BC-Rel-01,BPaL,Gates-BC-Rel-01_12wk_Grp 4: BPaL_LG D,6355,mouse,On Treatment,84,84,0,1.630434783,36416008.11,NA,NA,2,10,9710.935494,2,8.204487147,7.991936648,8.417037646,9.83078442,9.618233921,10.04333492
Gates-BC-Rel-01,BPaL,Gates-BC-Rel-01_12wk_Grp 4: BPaL_LG E,6356,mouse,On Treatment,84,84,0,1.630434783,21887738.12,NA,NA,2,10,5836.730166,2,8.204487147,7.991936648,8.417037646,9.83078442,9.618233921,10.04333492
Gates-BC-Rel-01,BPaL,Gates-BC-Rel-01_12wk_Grp 4: BPaL_LG F,6357,mouse,On Treatment,84,84,0,1.630434783,12629572.19,NA,NA,2,10,3367.885917,2,8.204487147,7.991936648,8.417037646,9.83078442,9.618233921,10.04333492
Gates-BC-Rel-01,HRZE,Gates-BC-Rel-01_14wk_Grp 2: 3HR_LG A,6358,mouse,On Treatment,98,98,0,3.26,18282721.58,NA,NA,2,10,4875.39242,2,17.38476672,16.85147642,17.91805701,20.83078329,20.297493,21.36407358
Gates-BC-Rel-01,HRZE,Gates-BC-Rel-01_14wk_Grp 2: 3HR_LG B,6359,mouse,On Treatment,98,98,0,3.26,22175807.35,NA,NA,2,10,5913.548625,2,17.38476672,16.85147642,17.91805701,20.83078329,20.297493,21.36407358
Gates-BC-Rel-01,HRZE,Gates-BC-Rel-01_14wk_Grp 2: 3HR_LG C,6360,mouse,On Treatment,98,98,0,3.26,21024959.72,NA,NA,2,10,5606.655924,2,17.38476672,16.85147642,17.91805701,20.83078329,20.297493,21.36407358
Gates-BC-Rel-01,HRZE,Gates-BC-Rel-01_14wk_Grp 2: 3HR_LG D,6361,mouse,On Treatment,98,98,0,3.26,20106048.98,NA,NA,2,10,5361.61306,2,17.38476672,16.85147642,17.91805701,20.83078329,20.297493,21.36407358
Gates-BC-Rel-01,HRZE,Gates-BC-Rel-01_14wk_Grp 2: 3HR_LG E,6362,mouse,On Treatment,98,98,0,1.630434783,11207739.28,NA,NA,2,10,2988.730474,2,17.38476672,16.85147642,17.91805701,20.83078329,20.297493,21.36407358
Gates-BC-Rel-01,HRZE,Gates-BC-Rel-01_14wk_Grp 2: 3HR_LG F,6363,mouse,On Treatment,98,98,0,1.630434783,21044423.17,NA,NA,2,10,5611.846178,2,17.38476672,16.85147642,17.91805701,20.83078329,20.297493,21.36407358
Gates-BC-Rel-01,HRZE,Gates-BC-Rel-01_16wk_Grp 2: 3HR_LG A,6394,mouse,On Treatment,112,112,0,1.630434783,674044.1904,NA,NA,2,10,179.7451174,2,17.38476672,16.85147642,17.91805701,20.83078329,20.297493,21.36407358
Gates-BC-Rel-01,HRZE,Gates-BC-Rel-01_16wk_Grp 2: 3HR_LG B,6395,mouse,On Treatment,112,112,0,1.630434783,3541975.422,NA,NA,2,10,944.5267793,2,17.38476672,16.85147642,17.91805701,20.83078329,20.297493,21.36407358
Gates-BC-Rel-01,HRZE,Gates-BC-Rel-01_16wk_Grp 2: 3HR_LG C,6396,mouse,On Treatment,112,112,0,1.630434783,2187926.422,NA,NA,2,10,583.4470459,2,17.38476672,16.85147642,17.91805701,20.83078329,20.297493,21.36407358
Gates-BC-Rel-01,HRZE,Gates-BC-Rel-01_16wk_Grp 2: 3HR_LG D,6397,mouse,On Treatment,112,112,0,7.5,3589783.572,NA,NA,2,10,957.2756192,2,17.38476672,16.85147642,17.91805701,20.83078329,20.297493,21.36407358
Gates-BC-Rel-01,HRZE,Gates-BC-Rel-01_16wk_Grp 2: 3HR_LG E,6398,mouse,On Treatment,112,112,0,1.630434783,1871011.251,NA,NA,2,10,498.9363335,2,17.38476672,16.85147642,17.91805701,20.83078329,20.297493,21.36407358
Gates-BC-Rel-01,HRZE,Gates-BC-Rel-01_16wk_Grp 2: 3HR_LG F,6399,mouse,On Treatment,112,112,0,1.630434783,1540181.653,NA,NA,2,10,410.7151074,2,17.38476672,16.85147642,17.91805701,20.83078329,20.297493,21.36407358
Gates-BC-Rel-01,PaMZ,Gates-BC-Rel-01_16wk_Grp 3: PaMZ_LG A,6400,mouse,On Treatment,112,112,0,1.630434783,2488073.193,NA,NA,2,10,663.4861848,2,10.98338088,8.982932151,12.98382961,13.16051177,11.16006304,15.1609605
Gates-BC-Rel-01,PaMZ,Gates-BC-Rel-01_16wk_Grp 3: PaMZ_LG B,6401,mouse,On Treatment,112,112,0,1.630434783,1203052.413,NA,NA,2,10,320.8139767,2,10.98338088,8.982932151,12.98382961,13.16051177,11.16006304,15.1609605
Gates-BC-Rel-01,PaMZ,Gates-BC-Rel-01_16wk_Grp 3: PaMZ_LG C,6402,mouse,On Treatment,112,112,0,1.630434783,6472557.684,NA,NA,2,10,1726.015383,2,10.98338088,8.982932151,12.98382961,13.16051177,11.16006304,15.1609605
Gates-BC-Rel-01,PaMZ,Gates-BC-Rel-01_16wk_Grp 3: PaMZ_LG D,6403,mouse,On Treatment,112,112,0,1.630434783,1458822.68,NA,NA,2,10,389.0193813,2,10.98338088,8.982932151,12.98382961,13.16051177,11.16006304,15.1609605
Gates-BC-Rel-01,PaMZ,Gates-BC-Rel-01_16wk_Grp 3: PaMZ_LG E,6404,mouse,On Treatment,112,112,0,1.630434783,1252193.93,NA,NA,2,10,333.9183813,2,10.98338088,8.982932151,12.98382961,13.16051177,11.16006304,15.1609605
Gates-BC-Rel-01,PaMZ,Gates-BC-Rel-01_16wk_Grp 3: PaMZ_LG F,6405,mouse,On Treatment,112,112,0,1.630434783,2432031.783,NA,NA,2,10,648.5418089,2,10.98338088,8.982932151,12.98382961,13.16051177,11.16006304,15.1609605
Gates-BC-Rel-01,HRZE,Gates-BC-Rel-01_20wk_Grp 2: 3HR_LG A,6628,mouse,On Treatment,140,140,0,1.630434783,11085718.48,NA,NA,2,10,2956.191593,2,17.38476672,16.85147642,17.91805701,20.83078329,20.297493,21.36407358
Gates-BC-Rel-01,HRZE,Gates-BC-Rel-01_20wk_Grp 2: 3HR_LG B,6629,mouse,On Treatment,140,140,0,1.630434783,8755139.526,NA,NA,2,10,2334.703873,2,17.38476672,16.85147642,17.91805701,20.83078329,20.297493,21.36407358
Gates-BC-Rel-01,HRZE,Gates-BC-Rel-01_20wk_Grp 2: 3HR_LG C,6630,mouse,On Treatment,140,140,0,1.630434783,2341946.532,NA,NA,2,10,624.5190751,2,17.38476672,16.85147642,17.91805701,20.83078329,20.297493,21.36407358
Gates-BC-Rel-01,HRZE,Gates-BC-Rel-01_20wk_Grp 2: 3HR_LG D,6631,mouse,On Treatment,140,140,0,1.630434783,14575842.58,NA,NA,2,10,3886.891355,2,17.38476672,16.85147642,17.91805701,20.83078329,20.297493,21.36407358
Gates-BC-Rel-01,HRZE,Gates-BC-Rel-01_20wk_Grp 2: 3HR_LG E,6632,mouse,On Treatment,140,140,0,1.630434783,7362923.379,NA,NA,2,10,1963.446234,2,17.38476672,16.85147642,17.91805701,20.83078329,20.297493,21.36407358
Gates-BC-Rel-01,HRZE,Gates-BC-Rel-01_20wk_Grp 2: 3HR_LG F,6633,mouse,On Treatment,140,140,0,1.630434783,10298486.92,NA,NA,2,10,2746.263178,2,17.38476672,16.85147642,17.91805701,20.83078329,20.297493,21.36407358
Gates-BC-Rel-01,PaMZ,Gates-BC-Rel-01_20wk_Grp 3: PaMZ_LG A,6634,mouse,On Treatment,140,140,0,1.630434783,16373930.48,NA,NA,2,10,4366.381462,2,10.98338088,8.982932151,12.98382961,13.16051177,11.16006304,15.1609605
Gates-BC-Rel-01,PaMZ,Gates-BC-Rel-01_20wk_Grp 3: PaMZ_LG B,6635,mouse,On Treatment,140,140,0,1.630434783,11873561.12,NA,NA,2,10,3166.282965,2,10.98338088,8.982932151,12.98382961,13.16051177,11.16006304,15.1609605
Gates-BC-Rel-01,PaMZ,Gates-BC-Rel-01_20wk_Grp 3: PaMZ_LG C,6636,mouse,On Treatment,140,140,0,1.630434783,9836884.161,NA,NA,2,10,2623.169109,2,10.98338088,8.982932151,12.98382961,13.16051177,11.16006304,15.1609605
Gates-BC-Rel-01,PaMZ,Gates-BC-Rel-01_20wk_Grp 3: PaMZ_LG D,6637,mouse,On Treatment,140,140,0,1.630434783,30061818.15,NA,NA,2,10,8016.484843,2,10.98338088,8.982932151,12.98382961,13.16051177,11.16006304,15.1609605
Gates-BC-Rel-01,PaMZ,Gates-BC-Rel-01_20wk_Grp 3: PaMZ_LG E,6638,mouse,On Treatment,140,140,0,1.630434783,4067462.118,NA,NA,2,10,1084.656564,2,10.98338088,8.982932151,12.98382961,13.16051177,11.16006304,15.1609605
Gates-BC-Rel-01,PaMZ,Gates-BC-Rel-01_20wk_Grp 3: PaMZ_LG F,6639,mouse,On Treatment,140,140,0,1.630434783,3878330.838,NA,NA,2,10,1034.221557,2,10.98338088,8.982932151,12.98382961,13.16051177,11.16006304,15.1609605
Crush-TB-Substudy,PreRx,Day_0_Mouse_1,7205,mouse,,0,0,0,15750001,5042322450,NA,NA,2,10,1344619.32,2,NA,NA,NA,NA,NA,NA
Crush-TB-Substudy,PreRx,Day_0_Mouse_2,7206,mouse,,0,0,0,16500001,3724624860,NA,NA,2,10,993233.2956,2,NA,NA,NA,NA,NA,NA
Crush-TB-Substudy,PreRx,Day_0_Mouse_3,7207,mouse,,0,0,0,15000001,5672106207,NA,NA,2,10,1512561.656,2,NA,NA,NA,NA,NA,NA
Crush-TB-Substudy,PreRx,Day_0_Mouse_4,7208,mouse,,0,0,0,23250001,6971121702,NA,NA,2,10,1858965.787,2,NA,NA,NA,NA,NA,NA
Crush-TB-Substudy,PreRx,Day_0_Mouse_5,7209,mouse,,0,0,0,26250001,8703276057,NA,NA,2,10,2320873.615,2,NA,NA,NA,NA,NA,NA
Crush-TB-Substudy,HRZE,Week_2_RHZE_Mouse_1,7210,mouse,On Treatment,14,14,0,3150001,2128579854,NA,NA,2,10,567621.2943,2,16.13589565,15.75031929,16.52147202,19.33436042,18.94878406,19.71993679
Crush-TB-Substudy,HRZE,Week_2_RHZE_Mouse_2,7211,mouse,On Treatment,14,14,0,2775001,2484867009,NA,NA,2,10,662631.2025,2,16.13589565,15.75031929,16.52147202,19.33436042,18.94878406,19.71993679
Crush-TB-Substudy,HRZE,Week_2_RHZE_Mouse_3,7212,mouse,On Treatment,14,14,0,843751,986533436.1,NA,NA,2,10,263075.5829,2,16.13589565,15.75031929,16.52147202,19.33436042,18.94878406,19.71993679
Crush-TB-Substudy,HRZE,Week_2_RHZE_Mouse_4,7213,mouse,On Treatment,14,14,0,3450001,2247040656,NA,NA,2,10,599210.8417,2,16.13589565,15.75031929,16.52147202,19.33436042,18.94878406,19.71993679
Crush-TB-Substudy,HRZE,Week_2_RHZE_Mouse_5,7214,mouse,On Treatment,14,14,0,4950001,3072086664,NA,NA,2,10,819223.1102,2,16.13589565,15.75031929,16.52147202,19.33436042,18.94878406,19.71993679
Crush-TB-Substudy,PZM,Week_2_PZM_Mouse_1,7215,mouse,On Treatment,14,14,0,615001,2252049313,NA,NA,2,10,600546.4835,2,7.750889818,5.782157589,9.719622047,9.287274816,7.318542587,11.25600705
Crush-TB-Substudy,PZM,Week_2_PZM_Mouse_2,7216,mouse,On Treatment,14,14,0,982501,2778019012,NA,NA,2,10,740805.0697,2,7.750889818,5.782157589,9.719622047,9.287274816,7.318542587,11.25600705
Crush-TB-Substudy,PZM,Week_2_PZM_Mouse_3,7217,mouse,On Treatment,14,14,0,1132501,2135779378,NA,NA,2,10,569541.1673,2,7.750889818,5.782157589,9.719622047,9.287274816,7.318542587,11.25600705
Crush-TB-Substudy,PZM,Week_2_PZM_Mouse_4,7218,mouse,On Treatment,14,14,0,810001,1998792785,NA,NA,2,10,533011.4094,2,7.750889818,5.782157589,9.719622047,9.287274816,7.318542587,11.25600705
Crush-TB-Substudy,PZM,Week_2_PZM_Mouse_5,7219,mouse,On Treatment,14,14,0,903751,2009918798,NA,NA,2,10,535978.3462,2,7.750889818,5.782157589,9.719622047,9.287274816,7.318542587,11.25600705
Crush-TB-Substudy,BZM,Week_2_BZM_Mouse_1,7220,mouse,On Treatment,14,14,0,232501,80569830.9,NA,NA,2,10,21485.28824,2,6.154657748,5.994652248,6.314663248,7.37463688,7.21463138,7.53464238
Crush-TB-Substudy,BZM,Week_2_BZM_Mouse_2,7221,mouse,On Treatment,14,14,0,255001,330719337.9,NA,NA,2,10,88191.82346,2,6.154657748,5.994652248,6.314663248,7.37463688,7.21463138,7.53464238
Crush-TB-Substudy,BZM,Week_2_BZM_Mouse_3,7222,mouse,On Treatment,14,14,0,121876,301364996.4,NA,NA,2,10,80363.99906,2,6.154657748,5.994652248,6.314663248,7.37463688,7.21463138,7.53464238
Crush-TB-Substudy,BZM,Week_2_BZM_Mouse_4,7223,mouse,On Treatment,14,14,0,382501,619062096.9,NA,NA,2,10,165083.2258,2,6.154657748,5.994652248,6.314663248,7.37463688,7.21463138,7.53464238
Crush-TB-Substudy,BZM,Week_2_BZM_Mouse_5,7224,mouse,On Treatment,14,14,0,128251,423204616.2,NA,NA,2,10,112854.5643,2,6.154657748,5.994652248,6.314663248,7.37463688,7.21463138,7.53464238
Crush-TB-Substudy,BZMRb,Week_2_BZM_RB_Mouse_1,7225,mouse,On Treatment,14,14,0,76501,575696202.9,NA,NA,2,10,153518.9874,2,5.071101011,4.690120628,5.452081395,6.076297021,5.695316637,6.457277405
Crush-TB-Substudy,BZMRb,Week_2_BZM_RB_Mouse_2,7226,mouse,On Treatment,14,14,0,390001,798640323.6,NA,NA,2,10,212970.7529,2,5.071101011,4.690120628,5.452081395,6.076297021,5.695316637,6.457277405
Crush-TB-Substudy,BZMRb,Week_2_BZM_RB_Mouse_3,7227,mouse,On Treatment,14,14,0,292501,540099744.6,NA,NA,2,10,144026.5986,2,5.071101011,4.690120628,5.452081395,6.076297021,5.695316637,6.457277405
Crush-TB-Substudy,BZMRb,Week_2_BZM_RB_Mouse_4,7228,mouse,On Treatment,14,14,0,99376,196976159.7,NA,NA,2,10,52526.97593,2,5.071101011,4.690120628,5.452081395,6.076297021,5.695316637,6.457277405
Crush-TB-Substudy,BZMRb,Week_2_BZM_RB_Mouse_5,7229,mouse,On Treatment,14,14,0,87001,210539947.4,NA,NA,2,10,56143.98596,2,5.071101011,4.690120628,5.452081395,6.076297021,5.695316637,6.457277405
Crush-TB-Substudy,HRZE,Month_1_RHZE_Mouse_1,7230,mouse,On Treatment,28,28,0,92001,138282699.6,NA,NA,2,10,36875.38656,2,16.13589565,15.75031929,16.52147202,19.33436042,18.94878406,19.71993679
Crush-TB-Substudy,HRZE,Month_1_RHZE_Mouse_2,7231,mouse,On Treatment,28,28,0,37126,160759827.6,NA,NA,2,10,42869.28736,2,16.13589565,15.75031929,16.52147202,19.33436042,18.94878406,19.71993679
Crush-TB-Substudy,HRZE,Month_1_RHZE_Mouse_3,7232,mouse,On Treatment,28,28,0,47626,186875908.4,NA,NA,2,10,49833.57556,2,16.13589565,15.75031929,16.52147202,19.33436042,18.94878406,19.71993679
Crush-TB-Substudy,HRZE,Month_1_RHZE_Mouse_4,7233,mouse,On Treatment,28,28,0,143501,148066259,NA,NA,2,10,39484.33573,2,16.13589565,15.75031929,16.52147202,19.33436042,18.94878406,19.71993679
Crush-TB-Substudy,HRZE,Month_1_RHZE_Mouse_5,7234,mouse,On Treatment,28,28,0,58126,254711486.4,NA,NA,2,10,67923.06303,2,16.13589565,15.75031929,16.52147202,19.33436042,18.94878406,19.71993679
Crush-TB-Substudy,PZM,Month_1_PZM_Mouse_1,7235,mouse,On Treatment,28,28,0,3301,27435021.72,NA,NA,2,10,7316.005793,2,7.750889818,5.782157589,9.719622047,9.287274816,7.318542587,11.25600705
Crush-TB-Substudy,PZM,Month_1_PZM_Mouse_2,7236,mouse,On Treatment,28,28,0,8776,106144370.8,NA,NA,2,10,28305.16555,2,7.750889818,5.782157589,9.719622047,9.287274816,7.318542587,11.25600705
Crush-TB-Substudy,PZM,Month_1_PZM_Mouse_4,7238,mouse,On Treatment,28,28,0,3526,59322872.55,NA,NA,2,10,15819.43268,2,7.750889818,5.782157589,9.719622047,9.287274816,7.318542587,11.25600705
Crush-TB-Substudy,PZM,Month_1_PZM_Mouse_5,7239,mouse,On Treatment,28,28,0,3676,138477012.8,NA,NA,2,10,36927.20341,2,7.750889818,5.782157589,9.719622047,9.287274816,7.318542587,11.25600705
Crush-TB-Substudy,BZM,Month_1_BZM_Mouse_1,7240,mouse,On Treatment,28,28,0,7,146083370.2,NA,NA,2,10,38955.56538,2,6.154657748,5.994652248,6.314663248,7.37463688,7.21463138,7.53464238
Crush-TB-Substudy,BZM,Month_1_BZM_Mouse_2,7241,mouse,On Treatment,28,28,0,100,50029192.68,NA,NA,2,10,13341.11805,2,6.154657748,5.994652248,6.314663248,7.37463688,7.21463138,7.53464238
Crush-TB-Substudy,BZM,Month_1_BZM_Mouse_3,7242,mouse,On Treatment,28,28,0,22,10634158.17,NA,NA,2,10,2835.775513,2,6.154657748,5.994652248,6.314663248,7.37463688,7.21463138,7.53464238
Crush-TB-Substudy,BZM,Month_1_BZM_Mouse_4,7243,mouse,On Treatment,28,28,0,16,112675672.1,NA,NA,2,10,30046.8459,2,6.154657748,5.994652248,6.314663248,7.37463688,7.21463138,7.53464238
Crush-TB-Substudy,BZM,Month_1_BZM_Mouse_5,7244,mouse,On Treatment,28,28,0,32.5,9816197.367,NA,NA,2,10,2617.652631,2,6.154657748,5.994652248,6.314663248,7.37463688,7.21463138,7.53464238
Crush-TB-Substudy,BZMRb,Month_1_BZM_RB_Mouse_1,7245,mouse,On Treatment,28,28,0,5.5,21880623.62,NA,NA,2,10,5834.832965,2,5.071101011,4.690120628,5.452081395,6.076297021,5.695316637,6.457277405
Crush-TB-Substudy,BZMRb,Month_1_BZM_RB_Mouse_2,7246,mouse,On Treatment,28,28,0,76,160161843,NA,NA,2,10,42709.8248,2,5.071101011,4.690120628,5.452081395,6.076297021,5.695316637,6.457277405
Crush-TB-Substudy,BZMRb,Month_1_BZM_RB_Mouse_3,7247,mouse,On Treatment,28,28,0,32.5,23860636.69,NA,NA,2,10,6362.83645,2,5.071101011,4.690120628,5.452081395,6.076297021,5.695316637,6.457277405
Crush-TB-Substudy,BZMRb,Month_1_BZM_RB_Mouse_4,7248,mouse,On Treatment,28,28,0,23.5,47245198.8,NA,NA,2,10,12598.71968,2,5.071101011,4.690120628,5.452081395,6.076297021,5.695316637,6.457277405
Crush-TB-Substudy,BZMRb,Month_1_BZM_RB_Mouse_5,7249,mouse,On Treatment,28,28,0,29.5,52188993.18,NA,NA,2,10,13917.06485,2,5.071101011,4.690120628,5.452081395,6.076297021,5.695316637,6.457277405
TBDA-BC-Rel-01,PreRx,TBDA-BC-Rel-01_PreRx_LG F,12110,mouse,,0,0,0,42187500,1341340608,NA,NA,2,10,357690.8288,2,NA,NA,NA,NA,NA,NA
TBDA-BC-Rel-01,PreRx,TBDA-BC-Rel-01_PreRx_LG D,12112,mouse,,0,0,0,67968750,840388881.9,NA,NA,2,10,224103.7018,2,NA,NA,NA,NA,NA,NA
TBDA-BC-Rel-01,BDOS,TBDA-BC-Rel-01_6 wk_Gp 2 DBOS_LG D,12113,mouse,On Treatment,42,42,0,1.5625,75130176.6,NA,NA,2,10,20034.71376,2,9.988986052,9.766076895,10.21189521,11.96900753,11.74609837,12.19191669
TBDA-BC-Rel-01,BPaMZ,TBDA-BC-Rel-01_4 wk_Gp 4 BPaMZ_LG D,12115,mouse,On Treatment,28,28,0,3.125,23959149.44,NA,NA,2,10,6389.106518,2,4.219197018,4.078011397,4.360382639,5.055528221,4.9143426,5.196713842
TBDA-BC-Rel-01,BPaOS,TBDA-BC-Rel-01_2 wk_Gp 3 PBOS_LG B,12116,mouse,On Treatment,14,14,0,22500,456862509.6,NA,NA,2,10,121830.0025,2,8.612858125,8.372194011,8.85352224,10.32010288,10.07943877,10.560767
TBDA-BC-Rel-01,BDOS,TBDA-BC-Rel-01_4 wk_Gp 2 DBOS_LG B,12117,mouse,On Treatment,28,28,0,118.75,314026777.2,NA,NA,2,10,83740.47394,2,9.988986052,9.766076895,10.21189521,11.96900753,11.74609837,12.19191669
TBDA-BC-Rel-01,BPaMZ,TBDA-BC-Rel-01_8 wk_Gp 4 BPaMZ_LG A,12118,mouse,On Treatment,56,56,0,1.5625,25252730.29,NA,NA,2,10,6734.061412,2,4.219197018,4.078011397,4.360382639,5.055528221,4.9143426,5.196713842
TBDA-BC-Rel-01,BDOS,TBDA-BC-Rel-01_4 wk_Gp 2 DBOS_LG A,12121,mouse,On Treatment,28,28,0,43.75,180887229.1,NA,NA,2,10,48236.59442,2,9.988986052,9.766076895,10.21189521,11.96900753,11.74609837,12.19191669
TBDA-BC-Rel-01,BDOS,TBDA-BC-Rel-01_6 wk_Gp 2 DBOS_LG C,12122,mouse,On Treatment,42,42,0,1.5625,65359007.28,NA,NA,2,10,17429.06861,2,9.988986052,9.766076895,10.21189521,11.96900753,11.74609837,12.19191669
TBDA-BC-Rel-01,BDOS,TBDA-BC-Rel-01_8 wk_Gp 2 DBOS_LG A,12123,mouse,On Treatment,56,56,0,1.5625,77239863.6,NA,NA,2,10,20597.29696,2,9.988986052,9.766076895,10.21189521,11.96900753,11.74609837,12.19191669
TBDA-BC-Rel-01,BDOS,TBDA-BC-Rel-01_8 wk_Gp 2 DBOS_LG E,12124,mouse,On Treatment,56,56,0,1.5625,22523112.74,NA,NA,2,10,6006.163398,2,9.988986052,9.766076895,10.21189521,11.96900753,11.74609837,12.19191669
TBDA-BC-Rel-01,BPaMZ,TBDA-BC-Rel-01_4 wk_Gp 4 BPaMZ_LG B,12125,mouse,On Treatment,28,28,0,1.5625,39359600.22,NA,NA,2,10,10495.89339,2,4.219197018,4.078011397,4.360382639,5.055528221,4.9143426,5.196713842
TBDA-BC-Rel-01,BDOS,TBDA-BC-Rel-01_2 wk_Gp 2 DBOS_LG D,12126,mouse,On Treatment,14,14,0,24375,129682819.7,NA,NA,2,10,34582.08527,2,9.988986052,9.766076895,10.21189521,11.96900753,11.74609837,12.19191669
TBDA-BC-Rel-01,BPaOS,TBDA-BC-Rel-01_2 wk_Gp 3 PBOS_LG D,12127,mouse,On Treatment,14,14,0,50625,160487663.6,NA,NA,2,10,42796.7103,2,8.612858125,8.372194011,8.85352224,10.32010288,10.07943877,10.560767
TBDA-BC-Rel-01,BPaOS,TBDA-BC-Rel-01_8 wk_Gp 3 PBOS_LG E,12128,mouse,On Treatment,56,56,0,1.5625,98152795.32,NA,NA,2,10,26174.07875,2,8.612858125,8.372194011,8.85352224,10.32010288,10.07943877,10.560767
TBDA-BC-Rel-01,BPaMZ,TBDA-BC-Rel-01_2 wk_Gp 4 BPaMZ_LG D,12129,mouse,On Treatment,14,14,0,9375,445623686.7,NA,NA,2,10,118832.9831,2,4.219197018,4.078011397,4.360382639,5.055528221,4.9143426,5.196713842
TBDA-BC-Rel-01,BDOS,TBDA-BC-Rel-01_2 wk_Gp 2 DBOS_LG E,12132,mouse,On Treatment,14,14,0,28125,108411693.9,NA,NA,2,10,115639.1402,8,9.988986052,9.766076895,10.21189521,11.96900753,11.74609837,12.19191669
TBDA-BC-Rel-01,PreRx,TBDA-BC-Rel-01_PreRx_LG E,12134,mouse,,0,0,0,49218750,579814243.8,NA,NA,2,10,618468.5266,8,NA,NA,NA,NA,NA,NA
TBDA-BC-Rel-01,BPaMZ,TBDA-BC-Rel-01_2 wk_Gp 4 BPaMZ_LG A,12135,mouse,On Treatment,14,14,0,6000,336026642.7,NA,NA,2,10,358428.4189,8,4.219197018,4.078011397,4.360382639,5.055528221,4.9143426,5.196713842
TBDA-BC-Rel-01,PreRx,TBDA-BC-Rel-01_PreRx_LG G,12136,mouse,,0,0,0,22968750,435234867.3,NA,NA,2,10,464250.5252,8,NA,NA,NA,NA,NA,NA
TBDA-BC-Rel-01,BDOS,TBDA-BC-Rel-01_2 wk_Gp 2 DBOS_LG C,12137,mouse,On Treatment,14,14,0,16875,219688441.8,NA,NA,2,10,234334.3379,8,9.988986052,9.766076895,10.21189521,11.96900753,11.74609837,12.19191669
TBDA-BC-Rel-01,BPaOS,TBDA-BC-Rel-01_8 wk_Gp 3 PBOS_LG B,12138,mouse,On Treatment,56,56,0,1.5625,45219066.12,NA,NA,2,10,48233.67053,8,8.612858125,8.372194011,8.85352224,10.32010288,10.07943877,10.560767
TBDA-BC-Rel-01,PreRx,TBDA-BC-Rel-01_PreRx_LG A,12139,mouse,,0,0,0,51562500,229301340.8,NA,NA,2,10,244588.0968,8,NA,NA,NA,NA,NA,NA
TBDA-BC-Rel-01,BDOS,TBDA-BC-Rel-01_6 wk_Gp 2 DBOS_LG A,12142,mouse,On Treatment,42,42,0,3.125,53852511.33,NA,NA,2,10,57442.67874,8,9.988986052,9.766076895,10.21189521,11.96900753,11.74609837,12.19191669
TBDA-BC-Rel-01,PreRx,TBDA-BC-Rel-01_PreRx_LG C,12146,mouse,,0,0,0,20625000,473779132.8,NA,NA,2,10,505364.4082,8,NA,NA,NA,NA,NA,NA
TBDA-BC-Rel-01,BDOS,TBDA-BC-Rel-01_8 wk_Gp 2 DBOS_LG D,12147,mouse,On Treatment,56,56,0,1.5625,23013872.4,NA,NA,2,10,24548.13056,8,9.988986052,9.766076895,10.21189521,11.96900753,11.74609837,12.19191669
TBDA-BC-Rel-01,BPaMZ,TBDA-BC-Rel-01_8 wk_Gp 4 BPaMZ_LG C,12148,mouse,On Treatment,56,56,0,1.5625,3773706.138,NA,NA,2,10,4025.286548,8,4.219197018,4.078011397,4.360382639,5.055528221,4.9143426,5.196713842
TBDA-BC-Rel-01,BPaOS,TBDA-BC-Rel-01_8 wk_Gp 3 PBOS_LG C,12149,mouse,On Treatment,56,56,0,1.5625,33709548.75,NA,NA,2,10,35956.85199,8,8.612858125,8.372194011,8.85352224,10.32010288,10.07943877,10.560767
TBDA-BC-Rel-01,BPaOS,TBDA-BC-Rel-01_2 wk_Gp 3 PBOS_LG A,12150,mouse,On Treatment,14,14,0,131250,222200132,NA,NA,2,10,237013.4741,8,8.612858125,8.372194011,8.85352224,10.32010288,10.07943877,10.560767
TBDA-BC-Rel-01,BPaOS,TBDA-BC-Rel-01_6 wk_Gp 3 PBOS_LG A,12151,mouse,On Treatment,42,42,0,3.125,43544046.12,NA,NA,2,10,46446.98252,8,8.612858125,8.372194011,8.85352224,10.32010288,10.07943877,10.560767
TBDA-BC-Rel-01,BPaMZ,TBDA-BC-Rel-01_2 wk_Gp 4 BPaMZ_LG C,12153,mouse,On Treatment,14,14,0,5625,96794146.56,NA,NA,2,10,103247.0897,8,4.219197018,4.078011397,4.360382639,5.055528221,4.9143426,5.196713842
TBDA-BC-Rel-01,BPaMZ,TBDA-BC-Rel-01_6 wk_Gp 4 BPaMZ_LG E,12154,mouse,On Treatment,42,42,0,1.5625,10775361.71,NA,NA,2,10,11493.71916,8,4.219197018,4.078011397,4.360382639,5.055528221,4.9143426,5.196713842
TBDA-BC-Rel-01,BPaMZ,TBDA-BC-Rel-01_4 wk_Gp 4 BPaMZ_LG C,12155,mouse,On Treatment,28,28,0,1.5625,17872023.77,NA,NA,2,10,19063.49202,8,4.219197018,4.078011397,4.360382639,5.055528221,4.9143426,5.196713842
TBDA-BC-Rel-01,BDOS,TBDA-BC-Rel-01_4 wk_Gp 2 DBOS_LG E,12156,mouse,On Treatment,28,28,0,68.75,124528343.2,NA,NA,2,10,132830.2328,8,9.988986052,9.766076895,10.21189521,11.96900753,11.74609837,12.19191669
TBDA-BC-Rel-01,BPaOS,TBDA-BC-Rel-01_4 wk_Gp 3 PBOS_LG C,12160,mouse,On Treatment,28,28,0,446.88,16441300.71,NA,NA,2,10,17537.38743,8,8.612858125,8.372194011,8.85352224,10.32010288,10.07943877,10.560767
TBDA-BC-Rel-01,BDOS,TBDA-BC-Rel-01_6 wk_Gp 2 DBOS_LG E,12161,mouse,On Treatment,42,42,0,3.125,38066115.84,NA,NA,2,10,40603.85688,8,9.988986052,9.766076895,10.21189521,11.96900753,11.74609837,12.19191669
TBDA-BC-Rel-01,BPaMZ,TBDA-BC-Rel-01_8 wk_Gp 4 BPaMZ_LG D,12162,mouse,On Treatment,56,56,0,1.5625,2344022.287,NA,NA,2,10,2500.29044,8,4.219197018,4.078011397,4.360382639,5.055528221,4.9143426,5.196713842
TBDA-BC-Rel-01,BPaMZ,TBDA-BC-Rel-01_8 wk_Gp 4 BPaMZ_LG E,12163,mouse,On Treatment,56,56,0,1.5625,1640839.478,NA,NA,2,10,1750.228776,8,4.219197018,4.078011397,4.360382639,5.055528221,4.9143426,5.196713842
TBDA-BC-Rel-01,BDOS,TBDA-BC-Rel-01_8 wk_Gp 2 DBOS_LG C,12165,mouse,On Treatment,56,56,0,1.5625,35448666.66,NA,NA,2,10,37811.91111,8,9.988986052,9.766076895,10.21189521,11.96900753,11.74609837,12.19191669
TBDA-BC-Rel-01,BPaMZ,TBDA-BC-Rel-01_4 wk_Gp 4 BPaMZ_LG E,12167,mouse,On Treatment,28,28,0,1.5625,33902403.75,NA,NA,2,10,36162.564,8,4.219197018,4.078011397,4.360382639,5.055528221,4.9143426,5.196713842
TBDA-BC-Rel-01,BDOS,TBDA-BC-Rel-01_2 wk_Gp 2 DBOS_LG B,12168,mouse,On Treatment,14,14,0,24375,141270541.2,NA,NA,2,10,150688.5772,8,9.988986052,9.766076895,10.21189521,11.96900753,11.74609837,12.19191669
TBDA-BC-Rel-01,BPaOS,TBDA-BC-Rel-01_2 wk_Gp 3 PBOS_LG C,12169,mouse,On Treatment,14,14,0,58125,107968728.3,NA,NA,2,10,115166.6435,8,8.612858125,8.372194011,8.85352224,10.32010288,10.07943877,10.560767
TBDA-BC-Rel-01,BPaOS,TBDA-BC-Rel-01_2 wk_Gp 3 PBOS_LG E,12170,mouse,On Treatment,14,14,0,16500,47920377.54,NA,NA,2,10,51115.06938,8,8.612858125,8.372194011,8.85352224,10.32010288,10.07943877,10.560767
TBDA-BC-Rel-01,BDOS,TBDA-BC-Rel-01_4 wk_Gp 2 DBOS_LG D,12171,mouse,On Treatment,28,28,0,1103.13,23456772.91,NA,NA,2,10,25020.55777,8,9.988986052,9.766076895,10.21189521,11.96900753,11.74609837,12.19191669
TBDA-BC-Rel-01,BDOS,TBDA-BC-Rel-01_8 wk_Gp 2 DBOS_LG B,12172,mouse,On Treatment,56,56,0,1.5625,58560124.14,NA,NA,2,10,62464.1324,8,9.988986052,9.766076895,10.21189521,11.96900753,11.74609837,12.19191669
TBDA-BC-Rel-01,BPaOS,TBDA-BC-Rel-01_4 wk_Gp 3 PBOS_LG A,12173,mouse,On Treatment,28,28,0,6.25,50851338.45,NA,NA,2,10,54241.42767,8,8.612858125,8.372194011,8.85352224,10.32010288,10.07943877,10.560767
TBDA-BC-Rel-01,BPaOS,TBDA-BC-Rel-01_8 wk_Gp 3 PBOS_LG D,12174,mouse,On Treatment,56,56,0,1.5625,38465904.87,NA,NA,2,10,41030.29852,8,8.612858125,8.372194011,8.85352224,10.32010288,10.07943877,10.560767
TBDA-BC-Rel-01,PreRx,TBDA-BC-Rel-01_PreRx_LG I,12177,mouse,,0,0,0,65625000,446545198.8,NA,NA,2,10,476314.8787,8,NA,NA,NA,NA,NA,NA
TBDA-BC-Rel-01,BPaMZ,TBDA-BC-Rel-01_2 wk_Gp 4 BPaMZ_LG B,12178,mouse,On Treatment,14,14,0,12750,268767074.5,NA,NA,2,10,286684.8795,8,4.219197018,4.078011397,4.360382639,5.055528221,4.9143426,5.196713842
TBDA-BC-Rel-01,BPaOS,TBDA-BC-Rel-01_4 wk_Gp 3 PBOS_LG D,12179,mouse,On Treatment,28,28,0,46.88,31207557.93,NA,NA,2,10,33288.06179,8,8.612858125,8.372194011,8.85352224,10.32010288,10.07943877,10.560767
TBDA-BC-Rel-01,BPaOS,TBDA-BC-Rel-01_6 wk_Gp 3 PBOS_LG B,12180,mouse,On Treatment,42,42,0,1.5625,35155580.13,NA,NA,2,10,37499.28548,8,8.612858125,8.372194011,8.85352224,10.32010288,10.07943877,10.560767
TBDA-BC-Rel-01,BPaMZ,TBDA-BC-Rel-01_6 wk_Gp 4 BPaMZ_LG A,12181,mouse,On Treatment,42,42,0,1.5625,5176138.824,NA,NA,2,10,5521.214744,8,4.219197018,4.078011397,4.360382639,5.055528221,4.9143426,5.196713842
TBDA-BC-Rel-01,BDOS,TBDA-BC-Rel-01_6 wk_Gp 2 DBOS_LG B,12182,mouse,On Treatment,42,42,0,1.5625,33951653.1,NA,NA,2,10,36215.09665,8,9.988986052,9.766076895,10.21189521,11.96900753,11.74609837,12.19191669
TBDA-BC-Rel-01,BPaOS,TBDA-BC-Rel-01_6 wk_Gp 3 PBOS_LG E,12183,mouse,On Treatment,42,42,0,3.125,56805364.65,NA,NA,2,10,60592.38897,8,8.612858125,8.372194011,8.85352224,10.32010288,10.07943877,10.560767
TBDA-BC-Rel-01,BPaOS,TBDA-BC-Rel-01_4 wk_Gp 3 PBOS_LG B,12184,mouse,On Treatment,28,28,0,96.88,1827118.399,NA,NA,2,10,1948.926292,8,8.612858125,8.372194011,8.85352224,10.32010288,10.07943877,10.560767
TBDA-BC-Rel-01,BPaMZ,TBDA-BC-Rel-01_6 wk_Gp 4 BPaMZ_LG C,12185,mouse,On Treatment,42,42,0,1.5625,5883022.182,NA,NA,2,10,6275.22366,8,4.219197018,4.078011397,4.360382639,5.055528221,4.9143426,5.196713842
TBDA-BC-Rel-01,BPaMZ,TBDA-BC-Rel-01_2 wk_Gp 4 BPaMZ_LG E,12188,mouse,On Treatment,14,14,0,12375,131254032.1,NA,NA,2,10,140004.3009,8,4.219197018,4.078011397,4.360382639,5.055528221,4.9143426,5.196713842
TBDA-BC-Rel-01,BPaOS,TBDA-BC-Rel-01_8 wk_Gp 3 PBOS_LG A,12189,mouse,On Treatment,56,56,0,1.5625,37137895.74,NA,NA,2,10,39613.75546,8,8.612858125,8.372194011,8.85352224,10.32010288,10.07943877,10.560767
TBDA-BC-Rel-01,BPaMZ,TBDA-BC-Rel-01_4 wk_Gp 4 BPaMZ_LG A,12190,mouse,On Treatment,28,28,0,1.5625,13420038.38,NA,NA,2,10,14314.70761,8,4.219197018,4.078011397,4.360382639,5.055528221,4.9143426,5.196713842
TBDA-BC-Rel-01,BPaMZ,TBDA-BC-Rel-01_6 wk_Gp 4 BPaMZ_LG D,12191,mouse,On Treatment,42,42,0,3.125,7239582.198,NA,NA,2,10,7722.221011,8,4.219197018,4.078011397,4.360382639,5.055528221,4.9143426,5.196713842
TBDA-BC-Rel-01,BDOS,TBDA-BC-Rel-01_2 wk_Gp 2 DBOS_LG A,12193,mouse,On Treatment,14,14,0,18750,597314716.5,NA,NA,2,10,637135.6977,8,9.988986052,9.766076895,10.21189521,11.96900753,11.74609837,12.19191669
TBDA-BC-Rel-01,BPaOS,TBDA-BC-Rel-01_6 wk_Gp 3 PBOS_LG C,12194,mouse,On Treatment,42,42,0,1.5625,66791827.32,NA,NA,2,10,71244.61581,8,8.612858125,8.372194011,8.85352224,10.32010288,10.07943877,10.560767
TBDA-BC-Rel-01,BPaMZ,TBDA-BC-Rel-01_8 wk_Gp 4 BPaMZ_LG B,12195,mouse,On Treatment,56,56,0,1.5625,5986415.676,NA,NA,2,10,6385.510054,8,4.219197018,4.078011397,4.360382639,5.055528221,4.9143426,5.196713842
TBDA-BC-Rel-01,BPaMZ,TBDA-BC-Rel-01_6 wk_Gp 4 BPaMZ_LG B,12197,mouse,On Treatment,42,42,0,1.5625,11238345.84,NA,NA,2,10,11987.5689,8,4.219197018,4.078011397,4.360382639,5.055528221,4.9143426,5.196713842
TBDA-BC-Rel-01,BDOS,TBDA-BC-Rel-01_4 wk_Gp 2 DBOS_LG C,12199,mouse,On Treatment,28,28,0,90.63,26749916.59,NA,NA,2,10,28533.24436,8,9.988986052,9.766076895,10.21189521,11.96900753,11.74609837,12.19191669
TBDA-BC-Rel-01,BPaOS,TBDA-BC-Rel-01_6 wk_Gp 3 PBOS_LG D,12200,mouse,On Treatment,42,42,0,3.125,74406910.38,NA,NA,2,10,79367.37106,8,8.612858125,8.372194011,8.85352224,10.32010288,10.07943877,10.560767
TBDA-BC-Rel-01,PreRx,TBDA-BC-Rel-01_PreRx_LG H,12201,mouse,,0,0,0,28125000,272870536.4,NA,NA,2,10,291061.9055,8,NA,NA,NA,NA,NA,NA
TBDA-BC-Rel-01,PreRx,TBDA-BC-Rel-01_PreRx_LG B,12203,mouse,,0,0,0,21562500,786213814.5,NA,NA,2,10,838628.069,8,NA,NA,NA,NA,NA,NA
TBDA-BC-Rel-01,BPaOS,BC-Rel-01_10 wk_Gp 3 PBOS_LG E,12666,mouse,On Treatment,70,70,0,1.5625,12860651.14,NA,NA,2,10,13718.02788,8,8.612858125,8.372194011,8.85352224,10.32010288,10.07943877,10.560767
TBDA-BC-Rel-01,BPaOS,BC-Rel-01_10 wk_Gp 3 PBOS_LG C,12674,mouse,On Treatment,70,70,0,1.5625,6002390.394,NA,NA,2,10,6402.549752,8,8.612858125,8.372194011,8.85352224,10.32010288,10.07943877,10.560767
TBDA-BC-Rel-01,BDOS,BC-Rel-01_10 wk_Gp 2 DBOS_LG D,12675,mouse,On Treatment,70,70,0,1.5625,3913591.65,NA,NA,2,10,4174.497759,8,9.988986052,9.766076895,10.21189521,11.96900753,11.74609837,12.19191669
TBDA-BC-Rel-01,BDOS,BC-Rel-01_10 wk_Gp 2 DBOS_LG E,12676,mouse,On Treatment,70,70,0,1.5625,5929851.33,NA,NA,2,10,6325.174751,8,9.988986052,9.766076895,10.21189521,11.96900753,11.74609837,12.19191669
TBDA-BC-Rel-01,BDOS,BC-Rel-01_10 wk_Gp 2 DBOS_LG B,12682,mouse,On Treatment,70,70,0,1.5625,9243973.185,NA,NA,2,10,9860.238063,8,9.988986052,9.766076895,10.21189521,11.96900753,11.74609837,12.19191669
TBDA-BC-Rel-01,BDOS,BC-Rel-01_10 wk_Gp 2 DBOS_LG C,12687,mouse,On Treatment,70,70,0,1.5625,5656623.36,NA,NA,2,10,6033.731583,8,9.988986052,9.766076895,10.21189521,11.96900753,11.74609837,12.19191669
TBDA-BC-Rel-01,BPaOS,BC-Rel-01_10 wk_Gp 3 PBOS_LG B,12690,mouse,On Treatment,70,70,0,1.5625,8627707.002,NA,NA,2,10,9202.88747,8,8.612858125,8.372194011,8.85352224,10.32010288,10.07943877,10.560767
TBDA-BC-Rel-01,BPaOS,BC-Rel-01_10 wk_Gp 3 PBOS_LG A,12697,mouse,On Treatment,70,70,0,1.5625,11048611.67,NA,NA,2,10,11785.18578,8,8.612858125,8.372194011,8.85352224,10.32010288,10.07943877,10.560767
TBDA-BC-Rel-01,BPaOS,BC-Rel-01_10 wk_Gp 3 PBOS_LG D,12701,mouse,On Treatment,70,70,0,1.5625,4120032.789,NA,NA,2,10,4394.701642,8,8.612858125,8.372194011,8.85352224,10.32010288,10.07943877,10.560767
TBDA-BC-Rel-01,BDOS,BC-Rel-01_10 wk_Gp 2 DBOS_LG A,12707,mouse,On Treatment,70,70,0,1.5625,9325696.149,NA,NA,2,10,9947.409226,8,9.988986052,9.766076895,10.21189521,11.96900753,11.74609837,12.19191669
