"Study.name","Group","Treatment.days","Study.stage","Days.since.Tx.start","Washout.period","CFU","Culture.status","Adjusted.16S.Original","T50","T50_ci_low","T50_ci_up","T95","T95_ci_low","T95_ci_up","T95_SE"
"Crush-TB-Substudy","BZM",28,"On Treatment",28,"no washout",7,"Positive",146083370,6.15399358572381,5.98994590083516,6.31804127061246,7.36408447114481,7.20003678625616,7.52813215603345,0.0836977984125742
"Crush-TB-Substudy","BZM",28,"On Treatment",28,"no washout",100,"Positive",50029193,6.15399358572381,5.98994590083516,6.31804127061246,7.36408447114481,7.20003678625616,7.52813215603345,0.0836977984125742
"Crush-TB-Substudy","BZM",14,"On Treatment",14,"no washout",382501,"Positive",619062097,6.15399358572381,5.98994590083516,6.31804127061246,7.36408447114481,7.20003678625616,7.52813215603345,0.0836977984125742
"Crush-TB-Substudy","BZM",14,"On Treatment",14,"no washout",128251,"Positive",423204616,6.15399358572381,5.98994590083516,6.31804127061246,7.36408447114481,7.20003678625616,7.52813215603345,0.0836977984125742
"Crush-TB-Substudy","BZM",14,"On Treatment",14,"no washout",232501,"Positive",80569831,6.15399358572381,5.98994590083516,6.31804127061246,7.36408447114481,7.20003678625616,7.52813215603345,0.0836977984125742
"Crush-TB-Substudy","BZM",14,"On Treatment",14,"no washout",255001,"Positive",330719338,6.15399358572381,5.98994590083516,6.31804127061246,7.36408447114481,7.20003678625616,7.52813215603345,0.0836977984125742
"Crush-TB-Substudy","BZM",14,"On Treatment",14,"no washout",121876,"Positive",301364996,6.15399358572381,5.98994590083516,6.31804127061246,7.36408447114481,7.20003678625616,7.52813215603345,0.0836977984125742
"Crush-TB-Substudy","BZM",28,"On Treatment",28,"no washout",22,"Positive",10634158,6.15399358572381,5.98994590083516,6.31804127061246,7.36408447114481,7.20003678625616,7.52813215603345,0.0836977984125742
"Crush-TB-Substudy","BZM",28,"On Treatment",28,"no washout",16,"Positive",112675672,6.15399358572381,5.98994590083516,6.31804127061246,7.36408447114481,7.20003678625616,7.52813215603345,0.0836977984125742
"Crush-TB-Substudy","BZM",28,"On Treatment",28,"no washout",32.5,"Positive",9816197,6.15399358572381,5.98994590083516,6.31804127061246,7.36408447114481,7.20003678625616,7.52813215603345,0.0836977984125742
"Crush-TB-Substudy","BZMRb",28,"On Treatment",28,"no washout",29.5,"Positive",52188993,5.07788787678855,4.69824471668053,5.45753103689658,6.0763786537608,5.69673549365278,6.45602181386883,0.193695489851033
"Crush-TB-Substudy","BZMRb",28,"On Treatment",28,"no washout",76,"Positive",160161843,5.07788787678855,4.69824471668053,5.45753103689658,6.0763786537608,5.69673549365278,6.45602181386883,0.193695489851033
"Crush-TB-Substudy","BZMRb",28,"On Treatment",28,"no washout",32.5,"Positive",23860637,5.07788787678855,4.69824471668053,5.45753103689658,6.0763786537608,5.69673549365278,6.45602181386883,0.193695489851033
"Crush-TB-Substudy","BZMRb",28,"On Treatment",28,"no washout",23.5,"Positive",47245199,5.07788787678855,4.69824471668053,5.45753103689658,6.0763786537608,5.69673549365278,6.45602181386883,0.193695489851033
"Crush-TB-Substudy","BZMRb",14,"On Treatment",14,"no washout",76501,"Positive",575696203,5.07788787678855,4.69824471668053,5.45753103689658,6.0763786537608,5.69673549365278,6.45602181386883,0.193695489851033
"Crush-TB-Substudy","BZMRb",14,"On Treatment",14,"no washout",390001,"Positive",798640323,5.07788787678855,4.69824471668053,5.45753103689658,6.0763786537608,5.69673549365278,6.45602181386883,0.193695489851033
"Crush-TB-Substudy","BZMRb",14,"On Treatment",14,"no washout",292501,"Positive",540099745,5.07788787678855,4.69824471668053,5.45753103689658,6.0763786537608,5.69673549365278,6.45602181386883,0.193695489851033
"Crush-TB-Substudy","BZMRb",14,"On Treatment",14,"no washout",99376,"Positive",196976160,5.07788787678855,4.69824471668053,5.45753103689658,6.0763786537608,5.69673549365278,6.45602181386883,0.193695489851033
"Crush-TB-Substudy","BZMRb",14,"On Treatment",14,"no washout",87001,"Positive",210539947,5.07788787678855,4.69824471668053,5.45753103689658,6.0763786537608,5.69673549365278,6.45602181386883,0.193695489851033
"Crush-TB-Substudy","BZMRb",28,"On Treatment",28,"no washout",5.5,"Positive",21880624,5.07788787678855,4.69824471668053,5.45753103689658,6.0763786537608,5.69673549365278,6.45602181386883,0.193695489851033
"Crush-TB-Substudy","HRZE",28,"On Treatment",28,"no washout",143501,"Positive",148066259,16.140494083653,15.7550575115835,16.5259306557224,19.3142810733127,18.9288445012433,19.6997176453822,0.196651312280343
"Crush-TB-Substudy","HRZE",14,"On Treatment",14,"no washout",3150001,"Positive",2128579854,16.140494083653,15.7550575115835,16.5259306557224,19.3142810733127,18.9288445012433,19.6997176453822,0.196651312280343
"Crush-TB-Substudy","HRZE",14,"On Treatment",14,"no washout",2775001,"Positive",2484867009,16.140494083653,15.7550575115835,16.5259306557224,19.3142810733127,18.9288445012433,19.6997176453822,0.196651312280343
"Crush-TB-Substudy","HRZE",14,"On Treatment",14,"no washout",843751,"Positive",986533436,16.140494083653,15.7550575115835,16.5259306557224,19.3142810733127,18.9288445012433,19.6997176453822,0.196651312280343
"Crush-TB-Substudy","HRZE",28,"On Treatment",28,"no washout",58126,"Positive",254711486,16.140494083653,15.7550575115835,16.5259306557224,19.3142810733127,18.9288445012433,19.6997176453822,0.196651312280343
"Crush-TB-Substudy","HRZE",14,"On Treatment",14,"no washout",4950001,"Positive",3072086663,16.140494083653,15.7550575115835,16.5259306557224,19.3142810733127,18.9288445012433,19.6997176453822,0.196651312280343
"Crush-TB-Substudy","HRZE",28,"On Treatment",28,"no washout",92001,"Positive",138282700,16.140494083653,15.7550575115835,16.5259306557224,19.3142810733127,18.9288445012433,19.6997176453822,0.196651312280343
"Crush-TB-Substudy","HRZE",28,"On Treatment",28,"no washout",37126,"Positive",160759828,16.140494083653,15.7550575115835,16.5259306557224,19.3142810733127,18.9288445012433,19.6997176453822,0.196651312280343
"Crush-TB-Substudy","HRZE",14,"On Treatment",14,"no washout",3450001,"Positive",2247040656,16.140494083653,15.7550575115835,16.5259306557224,19.3142810733127,18.9288445012433,19.6997176453822,0.196651312280343
"Crush-TB-Substudy","HRZE",28,"On Treatment",28,"no washout",47626,"Positive",186875908,16.140494083653,15.7550575115835,16.5259306557224,19.3142810733127,18.9288445012433,19.6997176453822,0.196651312280343
"Crush-TB-Substudy","PreRx",0,"On Treatment",0,"no washout",15000001,"Positive",5672106208,NA,NA,NA,NA,NA,NA,NA
"Crush-TB-Substudy","PreRx",0,"On Treatment",0,"no washout",23250001,"Positive",6971121703,NA,NA,NA,NA,NA,NA,NA
"Crush-TB-Substudy","PreRx",0,"On Treatment",0,"no washout",26250001,"Positive",8703276057,NA,NA,NA,NA,NA,NA,NA
"Crush-TB-Substudy","PreRx",0,"On Treatment",0,"no washout",15750001,"Positive",5042322450,NA,NA,NA,NA,NA,NA,NA
"Crush-TB-Substudy","PreRx",0,"On Treatment",0,"no washout",16500001,"Positive",3724624859,NA,NA,NA,NA,NA,NA,NA
"Crush-TB-Substudy","PZM",14,"On Treatment",14,"no washout",615001,"Positive",2252049313,7.69925402256144,5.73833393803265,9.66017410709023,9.21319728354499,7.2522771990162,11.1741173680738,1.00046943088204
"Crush-TB-Substudy","PZM",14,"On Treatment",14,"no washout",982501,"Positive",2778019012,7.69925402256144,5.73833393803265,9.66017410709023,9.21319728354499,7.2522771990162,11.1741173680738,1.00046943088204
"Crush-TB-Substudy","PZM",14,"On Treatment",14,"no washout",1132501,"Positive",2135779377,7.69925402256144,5.73833393803265,9.66017410709023,9.21319728354499,7.2522771990162,11.1741173680738,1.00046943088204
"Crush-TB-Substudy","PZM",14,"On Treatment",14,"no washout",810001,"Positive",1998792785,7.69925402256144,5.73833393803265,9.66017410709023,9.21319728354499,7.2522771990162,11.1741173680738,1.00046943088204
"Crush-TB-Substudy","PZM",14,"On Treatment",14,"no washout",903751,"Positive",2009918798,7.69925402256144,5.73833393803265,9.66017410709023,9.21319728354499,7.2522771990162,11.1741173680738,1.00046943088204
"Crush-TB-Substudy","PZM",28,"On Treatment",28,"no washout",3301,"Positive",27435022,7.69925402256144,5.73833393803265,9.66017410709023,9.21319728354499,7.2522771990162,11.1741173680738,1.00046943088204
"Crush-TB-Substudy","PZM",28,"On Treatment",28,"no washout",8776,"Positive",106144371,7.69925402256144,5.73833393803265,9.66017410709023,9.21319728354499,7.2522771990162,11.1741173680738,1.00046943088204
"Crush-TB-Substudy","PZM",28,"On Treatment",28,"no washout",3526,"Positive",59322873,7.69925402256144,5.73833393803265,9.66017410709023,9.21319728354499,7.2522771990162,11.1741173680738,1.00046943088204
"Crush-TB-Substudy","PZM",28,"On Treatment",28,"no washout",3676,"Positive",138477013,7.69925402256144,5.73833393803265,9.66017410709023,9.21319728354499,7.2522771990162,11.1741173680738,1.00046943088204
"Gates-BC-Rel-01","BPaL",7,"On Treatment",7,"no washout",1920000,"Positive",1474084074,8.20518798139798,7.99500868394324,8.41536727885271,9.81861559570184,9.6084362982471,10.0287948931566,0.107234335436091
"Gates-BC-Rel-01","BPaL",7,"On Treatment",7,"no washout",6090000,"Positive",1849308140,8.20518798139798,7.99500868394324,8.41536727885271,9.81861559570184,9.6084362982471,10.0287948931566,0.107234335436091
"Gates-BC-Rel-01","BPaL",14,"On Treatment",14,"no washout",82500,"Positive",554387011,8.20518798139798,7.99500868394324,8.41536727885271,9.81861559570184,9.6084362982471,10.0287948931566,0.107234335436091
"Gates-BC-Rel-01","BPaL",14,"On Treatment",14,"no washout",88100,"Positive",1058997997,8.20518798139798,7.99500868394324,8.41536727885271,9.81861559570184,9.6084362982471,10.0287948931566,0.107234335436091
"Gates-BC-Rel-01","BPaL",7,"On Treatment",7,"no washout",2950000,"Positive",1375114924,8.20518798139798,7.99500868394324,8.41536727885271,9.81861559570184,9.6084362982471,10.0287948931566,0.107234335436091
"Gates-BC-Rel-01","BPaL",14,"On Treatment",14,"no washout",24400,"Positive",722906196,8.20518798139798,7.99500868394324,8.41536727885271,9.81861559570184,9.6084362982471,10.0287948931566,0.107234335436091
"Gates-BC-Rel-01","BPaL",14,"On Treatment",14,"no washout",101000,"Positive",893244359,8.20518798139798,7.99500868394324,8.41536727885271,9.81861559570184,9.6084362982471,10.0287948931566,0.107234335436091
"Gates-BC-Rel-01","BPaL",14,"On Treatment",14,"no washout",206000,"Positive",1020926624,8.20518798139798,7.99500868394324,8.41536727885271,9.81861559570184,9.6084362982471,10.0287948931566,0.107234335436091
"Gates-BC-Rel-01","BPaL",21,"On Treatment",21,"no washout",1130,"Positive",451461199,8.20518798139798,7.99500868394324,8.41536727885271,9.81861559570184,9.6084362982471,10.0287948931566,0.107234335436091
"Gates-BC-Rel-01","BPaL",21,"On Treatment",21,"no washout",1520,"Positive",443689847,8.20518798139798,7.99500868394324,8.41536727885271,9.81861559570184,9.6084362982471,10.0287948931566,0.107234335436091
"Gates-BC-Rel-01","BPaL",21,"On Treatment",21,"no washout",2660,"Positive",1221130616,8.20518798139798,7.99500868394324,8.41536727885271,9.81861559570184,9.6084362982471,10.0287948931566,0.107234335436091
"Gates-BC-Rel-01","BPaL",21,"On Treatment",21,"no washout",1370,"Positive",925788103,8.20518798139798,7.99500868394324,8.41536727885271,9.81861559570184,9.6084362982471,10.0287948931566,0.107234335436091
"Gates-BC-Rel-01","BPaL",21,"On Treatment",21,"no washout",4330,"Positive",569627927,8.20518798139798,7.99500868394324,8.41536727885271,9.81861559570184,9.6084362982471,10.0287948931566,0.107234335436091
"Gates-BC-Rel-01","BPaL",21,"On Treatment",21,"no washout",1040,"Positive",422593152,8.20518798139798,7.99500868394324,8.41536727885271,9.81861559570184,9.6084362982471,10.0287948931566,0.107234335436091
"Gates-BC-Rel-01","BPaL",28,"On Treatment",28,"no washout",55.4,"Positive",389117318,8.20518798139798,7.99500868394324,8.41536727885271,9.81861559570184,9.6084362982471,10.0287948931566,0.107234335436091
"Gates-BC-Rel-01","BPaL",28,"On Treatment",28,"no washout",137,"Positive",441830667,8.20518798139798,7.99500868394324,8.41536727885271,9.81861559570184,9.6084362982471,10.0287948931566,0.107234335436091
"Gates-BC-Rel-01","BPaL",28,"On Treatment",28,"no washout",45.7,"Positive",332324919,8.20518798139798,7.99500868394324,8.41536727885271,9.81861559570184,9.6084362982471,10.0287948931566,0.107234335436091
"Gates-BC-Rel-01","BPaL",14,"On Treatment",14,"no washout",384000,"Positive",644408461,8.20518798139798,7.99500868394324,8.41536727885271,9.81861559570184,9.6084362982471,10.0287948931566,0.107234335436091
"Gates-BC-Rel-01","BPaL",28,"On Treatment",28,"no washout",81.5,"Positive",273993501,8.20518798139798,7.99500868394324,8.41536727885271,9.81861559570184,9.6084362982471,10.0287948931566,0.107234335436091
"Gates-BC-Rel-01","BPaL",28,"On Treatment",28,"no washout",81.5,"Positive",360904953,8.20518798139798,7.99500868394324,8.41536727885271,9.81861559570184,9.6084362982471,10.0287948931566,0.107234335436091
"Gates-BC-Rel-01","BPaL",56,"On Treatment",56,"no washout",3.26,"Positive",27414449,8.20518798139798,7.99500868394324,8.41536727885271,9.81861559570184,9.6084362982471,10.0287948931566,0.107234335436091
"Gates-BC-Rel-01","BPaL",56,"On Treatment",56,"no washout",6.52,"Positive",93053004,8.20518798139798,7.99500868394324,8.41536727885271,9.81861559570184,9.6084362982471,10.0287948931566,0.107234335436091
"Gates-BC-Rel-01","BPaL",56,"On Treatment",56,"no washout",3.26,"Positive",14764677,8.20518798139798,7.99500868394324,8.41536727885271,9.81861559570184,9.6084362982471,10.0287948931566,0.107234335436091
"Gates-BC-Rel-01","BPaL",56,"On Treatment",56,"no washout",1.63,"Negative",29236419,8.20518798139798,7.99500868394324,8.41536727885271,9.81861559570184,9.6084362982471,10.0287948931566,0.107234335436091
"Gates-BC-Rel-01","BPaL",56,"On Treatment",56,"no washout",1.63,"Negative",33854612,8.20518798139798,7.99500868394324,8.41536727885271,9.81861559570184,9.6084362982471,10.0287948931566,0.107234335436091
"Gates-BC-Rel-01","BPaL",84,"On Treatment",84,"no washout",1.63,"Negative",5634387,8.20518798139798,7.99500868394324,8.41536727885271,9.81861559570184,9.6084362982471,10.0287948931566,0.107234335436091
"Gates-BC-Rel-01","BPaL",56,"On Treatment",56,"no washout",1.63,"Negative",46197274,8.20518798139798,7.99500868394324,8.41536727885271,9.81861559570184,9.6084362982471,10.0287948931566,0.107234335436091
"Gates-BC-Rel-01","BPaL",84,"On Treatment",84,"no washout",1.63,"Negative",11879461,8.20518798139798,7.99500868394324,8.41536727885271,9.81861559570184,9.6084362982471,10.0287948931566,0.107234335436091
"Gates-BC-Rel-01","BPaL",84,"On Treatment",84,"no washout",1.63,"Negative",9628888,8.20518798139798,7.99500868394324,8.41536727885271,9.81861559570184,9.6084362982471,10.0287948931566,0.107234335436091
"Gates-BC-Rel-01","BPaL",28,"On Treatment",28,"no washout",218,"Positive",294391526,8.20518798139798,7.99500868394324,8.41536727885271,9.81861559570184,9.6084362982471,10.0287948931566,0.107234335436091
"Gates-BC-Rel-01","BPaL",84,"On Treatment",84,"no washout",1.63,"Negative",21887738,8.20518798139798,7.99500868394324,8.41536727885271,9.81861559570184,9.6084362982471,10.0287948931566,0.107234335436091
"Gates-BC-Rel-01","BPaL",84,"On Treatment",84,"no washout",1.63,"Negative",12629572,8.20518798139798,7.99500868394324,8.41536727885271,9.81861559570184,9.6084362982471,10.0287948931566,0.107234335436091
"Gates-BC-Rel-01","BPaL",84,"On Treatment",84,"no washout",1.63,"Negative",36416008,8.20518798139798,7.99500868394324,8.41536727885271,9.81861559570184,9.6084362982471,10.0287948931566,0.107234335436091
"Gates-BC-Rel-01","BPaMZ",14,"On Treatment",14,"no washout",5000,"Positive",291494793,4.56815984867984,4.1101264659329,5.02619323142678,5.46642022530054,5.0083868425536,5.92445360804748,0.233690501401501
"Gates-BC-Rel-01","BPaMZ",21,"On Treatment",21,"no washout",52.5,"Positive",715180889,4.56815984867984,4.1101264659329,5.02619323142678,5.46642022530054,5.0083868425536,5.92445360804748,0.233690501401501
"Gates-BC-Rel-01","BPaMZ",28,"On Treatment",28,"no washout",6.52,"Positive",202606103,4.56815984867984,4.1101264659329,5.02619323142678,5.46642022530054,5.0083868425536,5.92445360804748,0.233690501401501
"Gates-BC-Rel-01","BPaMZ",28,"On Treatment",28,"no washout",9.78,"Positive",196894294,4.56815984867984,4.1101264659329,5.02619323142678,5.46642022530054,5.0083868425536,5.92445360804748,0.233690501401501
"Gates-BC-Rel-01","BPaMZ",28,"On Treatment",28,"no washout",3.26,"Positive",144957590,4.56815984867984,4.1101264659329,5.02619323142678,5.46642022530054,5.0083868425536,5.92445360804748,0.233690501401501
"Gates-BC-Rel-01","BPaMZ",28,"On Treatment",28,"no washout",1.63,"Negative",114410182,4.56815984867984,4.1101264659329,5.02619323142678,5.46642022530054,5.0083868425536,5.92445360804748,0.233690501401501
"Gates-BC-Rel-01","BPaMZ",14,"On Treatment",14,"no washout",6250,"Positive",496284865,4.56815984867984,4.1101264659329,5.02619323142678,5.46642022530054,5.0083868425536,5.92445360804748,0.233690501401501
"Gates-BC-Rel-01","BPaMZ",28,"On Treatment",28,"no washout",1.63,"Negative",146046717,4.56815984867984,4.1101264659329,5.02619323142678,5.46642022530054,5.0083868425536,5.92445360804748,0.233690501401501
"Gates-BC-Rel-01","BPaMZ",21,"On Treatment",21,"no washout",60,"Positive",398085315,4.56815984867984,4.1101264659329,5.02619323142678,5.46642022530054,5.0083868425536,5.92445360804748,0.233690501401501
"Gates-BC-Rel-01","BPaMZ",21,"On Treatment",21,"no washout",30,"Positive",368878894,4.56815984867984,4.1101264659329,5.02619323142678,5.46642022530054,5.0083868425536,5.92445360804748,0.233690501401501
"Gates-BC-Rel-01","BPaMZ",21,"On Treatment",21,"no washout",15,"Positive",388159689,4.56815984867984,4.1101264659329,5.02619323142678,5.46642022530054,5.0083868425536,5.92445360804748,0.233690501401501
"Gates-BC-Rel-01","BPaMZ",14,"On Treatment",14,"no washout",4500,"Positive",303642516,4.56815984867984,4.1101264659329,5.02619323142678,5.46642022530054,5.0083868425536,5.92445360804748,0.233690501401501
"Gates-BC-Rel-01","BPaMZ",21,"On Treatment",21,"no washout",82.5,"Positive",299625651,4.56815984867984,4.1101264659329,5.02619323142678,5.46642022530054,5.0083868425536,5.92445360804748,0.233690501401501
"Gates-BC-Rel-01","BPaMZ",56,"On Treatment",56,"no washout",1.63,"Negative",10259613,4.56815984867984,4.1101264659329,5.02619323142678,5.46642022530054,5.0083868425536,5.92445360804748,0.233690501401501
"Gates-BC-Rel-01","BPaMZ",56,"On Treatment",56,"no washout",1.63,"Negative",11726266,4.56815984867984,4.1101264659329,5.02619323142678,5.46642022530054,5.0083868425536,5.92445360804748,0.233690501401501
"Gates-BC-Rel-01","BPaMZ",56,"On Treatment",56,"no washout",1.63,"Negative",14164949,4.56815984867984,4.1101264659329,5.02619323142678,5.46642022530054,5.0083868425536,5.92445360804748,0.233690501401501
"Gates-BC-Rel-01","BPaMZ",56,"On Treatment",56,"no washout",1.63,"Negative",18517026,4.56815984867984,4.1101264659329,5.02619323142678,5.46642022530054,5.0083868425536,5.92445360804748,0.233690501401501
"Gates-BC-Rel-01","BPaMZ",56,"On Treatment",56,"no washout",1.63,"Negative",9961142,4.56815984867984,4.1101264659329,5.02619323142678,5.46642022530054,5.0083868425536,5.92445360804748,0.233690501401501
"Gates-BC-Rel-01","BPaMZ",56,"On Treatment",56,"no washout",1.63,"Negative",17373702,4.56815984867984,4.1101264659329,5.02619323142678,5.46642022530054,5.0083868425536,5.92445360804748,0.233690501401501
"Gates-BC-Rel-01","BPaMZ",28,"On Treatment",28,"no washout",1.63,"Negative",173791583,4.56815984867984,4.1101264659329,5.02619323142678,5.46642022530054,5.0083868425536,5.92445360804748,0.233690501401501
"Gates-BC-Rel-01","BPaMZ",42,"On Treatment",42,"no washout",1.63,"Negative",23800598,4.56815984867984,4.1101264659329,5.02619323142678,5.46642022530054,5.0083868425536,5.92445360804748,0.233690501401501
"Gates-BC-Rel-01","BPaMZ",42,"On Treatment",42,"no washout",1.63,"Negative",26393623,4.56815984867984,4.1101264659329,5.02619323142678,5.46642022530054,5.0083868425536,5.92445360804748,0.233690501401501
"Gates-BC-Rel-01","BPaMZ",42,"On Treatment",42,"no washout",1.63,"Negative",36615626,4.56815984867984,4.1101264659329,5.02619323142678,5.46642022530054,5.0083868425536,5.92445360804748,0.233690501401501
"Gates-BC-Rel-01","BPaMZ",42,"On Treatment",42,"no washout",1.63,"Negative",57862905,4.56815984867984,4.1101264659329,5.02619323142678,5.46642022530054,5.0083868425536,5.92445360804748,0.233690501401501
"Gates-BC-Rel-01","BPaMZ",21,"On Treatment",21,"no washout",37.5,"Positive",326740674,4.56815984867984,4.1101264659329,5.02619323142678,5.46642022530054,5.0083868425536,5.92445360804748,0.233690501401501
"Gates-BC-Rel-01","BPaMZ",42,"On Treatment",42,"no washout",1.63,"Negative",46881664,4.56815984867984,4.1101264659329,5.02619323142678,5.46642022530054,5.0083868425536,5.92445360804748,0.233690501401501
"Gates-BC-Rel-01","BPaMZ",7,"On Treatment",7,"no washout",1410000,"Positive",2148318568,4.56815984867984,4.1101264659329,5.02619323142678,5.46642022530054,5.0083868425536,5.92445360804748,0.233690501401501
"Gates-BC-Rel-01","BPaMZ",7,"On Treatment",7,"no washout",1030000,"Positive",2546476536,4.56815984867984,4.1101264659329,5.02619323142678,5.46642022530054,5.0083868425536,5.92445360804748,0.233690501401501
"Gates-BC-Rel-01","BPaMZ",7,"On Treatment",7,"no washout",2340000,"Positive",3602065876,4.56815984867984,4.1101264659329,5.02619323142678,5.46642022530054,5.0083868425536,5.92445360804748,0.233690501401501
"Gates-BC-Rel-01","BPaMZ",14,"On Treatment",14,"no washout",2250,"Positive",567791163,4.56815984867984,4.1101264659329,5.02619323142678,5.46642022530054,5.0083868425536,5.92445360804748,0.233690501401501
"Gates-BC-Rel-01","BPaMZ",14,"On Treatment",14,"no washout",3500,"Positive",987835631,4.56815984867984,4.1101264659329,5.02619323142678,5.46642022530054,5.0083868425536,5.92445360804748,0.233690501401501
"Gates-BC-Rel-01","BPaMZ",14,"On Treatment",14,"no washout",4750,"Positive",629472209,4.56815984867984,4.1101264659329,5.02619323142678,5.46642022530054,5.0083868425536,5.92445360804748,0.233690501401501
"Gates-BC-Rel-01","BPaMZ",42,"On Treatment",42,"no washout",1.63,"Negative",39868723,4.56815984867984,4.1101264659329,5.02619323142678,5.46642022530054,5.0083868425536,5.92445360804748,0.233690501401501
"Gates-BC-Rel-01","HRZE",7,"On Treatment",7,"no washout",6800000,"Positive",1400482194,17.3964240769298,16.8696043061029,17.9232438477566,20.8171709336126,20.2903511627857,21.3439907044395,0.268785597360649
"Gates-BC-Rel-01","HRZE",7,"On Treatment",7,"no washout",6090000,"Positive",1582044948,17.3964240769298,16.8696043061029,17.9232438477566,20.8171709336126,20.2903511627857,21.3439907044395,0.268785597360649
"Gates-BC-Rel-01","HRZE",7,"On Treatment",7,"no washout",10800000,"Positive",796696625,17.3964240769298,16.8696043061029,17.9232438477566,20.8171709336126,20.2903511627857,21.3439907044395,0.268785597360649
"Gates-BC-Rel-01","HRZE",14,"On Treatment",14,"no washout",1410000,"Positive",575829646,17.3964240769298,16.8696043061029,17.9232438477566,20.8171709336126,20.2903511627857,21.3439907044395,0.268785597360649
"Gates-BC-Rel-01","HRZE",14,"On Treatment",14,"no washout",3520000,"Positive",921010949,17.3964240769298,16.8696043061029,17.9232438477566,20.8171709336126,20.2903511627857,21.3439907044395,0.268785597360649
"Gates-BC-Rel-01","HRZE",14,"On Treatment",14,"no washout",1920000,"Positive",878139866,17.3964240769298,16.8696043061029,17.9232438477566,20.8171709336126,20.2903511627857,21.3439907044395,0.268785597360649
"Gates-BC-Rel-01","HRZE",14,"On Treatment",14,"no washout",2720000,"Positive",921540184,17.3964240769298,16.8696043061029,17.9232438477566,20.8171709336126,20.2903511627857,21.3439907044395,0.268785597360649
"Gates-BC-Rel-01","HRZE",14,"On Treatment",14,"no washout",2200000,"Positive",1052252198,17.3964240769298,16.8696043061029,17.9232438477566,20.8171709336126,20.2903511627857,21.3439907044395,0.268785597360649
"Gates-BC-Rel-01","HRZE",21,"On Treatment",21,"no washout",984000,"Positive",146604589,17.3964240769298,16.8696043061029,17.9232438477566,20.8171709336126,20.2903511627857,21.3439907044395,0.268785597360649
"Gates-BC-Rel-01","HRZE",21,"On Treatment",21,"no washout",844000,"Positive",112774427,17.3964240769298,16.8696043061029,17.9232438477566,20.8171709336126,20.2903511627857,21.3439907044395,0.268785597360649
"Gates-BC-Rel-01","HRZE",21,"On Treatment",21,"no washout",13900,"Positive",113851598,17.3964240769298,16.8696043061029,17.9232438477566,20.8171709336126,20.2903511627857,21.3439907044395,0.268785597360649
"Gates-BC-Rel-01","HRZE",21,"On Treatment",21,"no washout",703000,"Positive",182702228,17.3964240769298,16.8696043061029,17.9232438477566,20.8171709336126,20.2903511627857,21.3439907044395,0.268785597360649
"Gates-BC-Rel-01","HRZE",21,"On Treatment",21,"no washout",1080000,"Positive",245353249,17.3964240769298,16.8696043061029,17.9232438477566,20.8171709336126,20.2903511627857,21.3439907044395,0.268785597360649
"Gates-BC-Rel-01","HRZE",21,"On Treatment",21,"no washout",844000,"Positive",354208248,17.3964240769298,16.8696043061029,17.9232438477566,20.8171709336126,20.2903511627857,21.3439907044395,0.268785597360649
"Gates-BC-Rel-01","HRZE",28,"On Treatment",28,"no washout",107000,"Positive",273204311,17.3964240769298,16.8696043061029,17.9232438477566,20.8171709336126,20.2903511627857,21.3439907044395,0.268785597360649
"Gates-BC-Rel-01","HRZE",14,"On Treatment",14,"no washout",2110000,"Positive",802630560,17.3964240769298,16.8696043061029,17.9232438477566,20.8171709336126,20.2903511627857,21.3439907044395,0.268785597360649
"Gates-BC-Rel-01","HRZE",28,"On Treatment",28,"no washout",103000,"Positive",56305385,17.3964240769298,16.8696043061029,17.9232438477566,20.8171709336126,20.2903511627857,21.3439907044395,0.268785597360649
"Gates-BC-Rel-01","HRZE",28,"On Treatment",28,"no washout",253000,"Positive",182743220,17.3964240769298,16.8696043061029,17.9232438477566,20.8171709336126,20.2903511627857,21.3439907044395,0.268785597360649
"Gates-BC-Rel-01","HRZE",28,"On Treatment",28,"no washout",80600,"Positive",276253004,17.3964240769298,16.8696043061029,17.9232438477566,20.8171709336126,20.2903511627857,21.3439907044395,0.268785597360649
"Gates-BC-Rel-01","HRZE",28,"On Treatment",28,"no washout",116000,"Positive",380039416,17.3964240769298,16.8696043061029,17.9232438477566,20.8171709336126,20.2903511627857,21.3439907044395,0.268785597360649
"Gates-BC-Rel-01","HRZE",98,"On Treatment",98,"no washout",3.26,"Positive",18282722,17.3964240769298,16.8696043061029,17.9232438477566,20.8171709336126,20.2903511627857,21.3439907044395,0.268785597360649
"Gates-BC-Rel-01","HRZE",98,"On Treatment",98,"no washout",3.26,"Positive",22175807,17.3964240769298,16.8696043061029,17.9232438477566,20.8171709336126,20.2903511627857,21.3439907044395,0.268785597360649
"Gates-BC-Rel-01","HRZE",98,"On Treatment",98,"no washout",3.26,"Positive",21024960,17.3964240769298,16.8696043061029,17.9232438477566,20.8171709336126,20.2903511627857,21.3439907044395,0.268785597360649
"Gates-BC-Rel-01","HRZE",140,"On Treatment",140,"no washout",1.63,"Negative",7362923,17.3964240769298,16.8696043061029,17.9232438477566,20.8171709336126,20.2903511627857,21.3439907044395,0.268785597360649
"Gates-BC-Rel-01","HRZE",140,"On Treatment",140,"no washout",1.63,"Negative",10298487,17.3964240769298,16.8696043061029,17.9232438477566,20.8171709336126,20.2903511627857,21.3439907044395,0.268785597360649
"Gates-BC-Rel-01","HRZE",98,"On Treatment",98,"no washout",1.63,"Negative",11207739,17.3964240769298,16.8696043061029,17.9232438477566,20.8171709336126,20.2903511627857,21.3439907044395,0.268785597360649
"Gates-BC-Rel-01","HRZE",98,"On Treatment",98,"no washout",1.63,"Negative",21044423,17.3964240769298,16.8696043061029,17.9232438477566,20.8171709336126,20.2903511627857,21.3439907044395,0.268785597360649
"Gates-BC-Rel-01","HRZE",112,"On Treatment",112,"no washout",1.63,"Negative",674044,17.3964240769298,16.8696043061029,17.9232438477566,20.8171709336126,20.2903511627857,21.3439907044395,0.268785597360649
"Gates-BC-Rel-01","HRZE",28,"On Treatment",28,"no washout",103000,"Positive",199020559,17.3964240769298,16.8696043061029,17.9232438477566,20.8171709336126,20.2903511627857,21.3439907044395,0.268785597360649
"Gates-BC-Rel-01","HRZE",112,"On Treatment",112,"no washout",1.63,"Negative",2187926,17.3964240769298,16.8696043061029,17.9232438477566,20.8171709336126,20.2903511627857,21.3439907044395,0.268785597360649
"Gates-BC-Rel-01","HRZE",112,"On Treatment",112,"no washout",7.5,"Positive",3589784,17.3964240769298,16.8696043061029,17.9232438477566,20.8171709336126,20.2903511627857,21.3439907044395,0.268785597360649
"Gates-BC-Rel-01","HRZE",112,"On Treatment",112,"no washout",1.63,"Negative",1871011,17.3964240769298,16.8696043061029,17.9232438477566,20.8171709336126,20.2903511627857,21.3439907044395,0.268785597360649
"Gates-BC-Rel-01","HRZE",112,"On Treatment",112,"no washout",1.63,"Negative",1540182,17.3964240769298,16.8696043061029,17.9232438477566,20.8171709336126,20.2903511627857,21.3439907044395,0.268785597360649
"Gates-BC-Rel-01","HRZE",140,"On Treatment",140,"no washout",1.63,"Negative",11085718,17.3964240769298,16.8696043061029,17.9232438477566,20.8171709336126,20.2903511627857,21.3439907044395,0.268785597360649
"Gates-BC-Rel-01","HRZE",140,"On Treatment",140,"no washout",1.63,"Negative",8755140,17.3964240769298,16.8696043061029,17.9232438477566,20.8171709336126,20.2903511627857,21.3439907044395,0.268785597360649
"Gates-BC-Rel-01","HRZE",140,"On Treatment",140,"no washout",1.63,"Negative",2341947,17.3964240769298,16.8696043061029,17.9232438477566,20.8171709336126,20.2903511627857,21.3439907044395,0.268785597360649
"Gates-BC-Rel-01","HRZE",140,"On Treatment",140,"no washout",1.63,"Negative",14575843,17.3964240769298,16.8696043061029,17.9232438477566,20.8171709336126,20.2903511627857,21.3439907044395,0.268785597360649
"Gates-BC-Rel-01","HRZE",98,"On Treatment",98,"no washout",3.26,"Positive",20106049,17.3964240769298,16.8696043061029,17.9232438477566,20.8171709336126,20.2903511627857,21.3439907044395,0.268785597360649
"Gates-BC-Rel-01","HRZE",112,"On Treatment",112,"no washout",1.63,"Negative",3541975,17.3964240769298,16.8696043061029,17.9232438477566,20.8171709336126,20.2903511627857,21.3439907044395,0.268785597360649
"Gates-BC-Rel-01","PaMZ",7,"On Treatment",7,"no washout",2480000,"Positive",1455073769,10.9916884864355,10.4365956898173,11.5467812830537,13.153039789056,12.5979469924378,13.7081325856742,0.283210610519491
"Gates-BC-Rel-01","PaMZ",7,"On Treatment",7,"no washout",7270000,"Positive",1277614932,10.9916884864355,10.4365956898173,11.5467812830537,13.153039789056,12.5979469924378,13.7081325856742,0.283210610519491
"Gates-BC-Rel-01","PaMZ",14,"On Treatment",14,"no washout",263000,"Positive",563764316,10.9916884864355,10.4365956898173,11.5467812830537,13.153039789056,12.5979469924378,13.7081325856742,0.283210610519491
"Gates-BC-Rel-01","PaMZ",7,"On Treatment",7,"no washout",3750000,"Positive",1322687146,10.9916884864355,10.4365956898173,11.5467812830537,13.153039789056,12.5979469924378,13.7081325856742,0.283210610519491
"Gates-BC-Rel-01","PaMZ",14,"On Treatment",14,"no washout",178000,"Positive",1552639328,10.9916884864355,10.4365956898173,11.5467812830537,13.153039789056,12.5979469924378,13.7081325856742,0.283210610519491
"Gates-BC-Rel-01","PaMZ",14,"On Treatment",14,"no washout",88100,"Positive",915506440,10.9916884864355,10.4365956898173,11.5467812830537,13.153039789056,12.5979469924378,13.7081325856742,0.283210610519491
"Gates-BC-Rel-01","PaMZ",14,"On Treatment",14,"no washout",253000,"Positive",1301980049,10.9916884864355,10.4365956898173,11.5467812830537,13.153039789056,12.5979469924378,13.7081325856742,0.283210610519491
"Gates-BC-Rel-01","PaMZ",14,"On Treatment",14,"no washout",234000,"Positive",1656267055,10.9916884864355,10.4365956898173,11.5467812830537,13.153039789056,12.5979469924378,13.7081325856742,0.283210610519491
"Gates-BC-Rel-01","PaMZ",21,"On Treatment",21,"no washout",5250,"Positive",225666875,10.9916884864355,10.4365956898173,11.5467812830537,13.153039789056,12.5979469924378,13.7081325856742,0.283210610519491
"Gates-BC-Rel-01","PaMZ",21,"On Treatment",21,"no washout",11600,"Positive",642341013,10.9916884864355,10.4365956898173,11.5467812830537,13.153039789056,12.5979469924378,13.7081325856742,0.283210610519491
"Gates-BC-Rel-01","PaMZ",21,"On Treatment",21,"no washout",6000,"Positive",662626019,10.9916884864355,10.4365956898173,11.5467812830537,13.153039789056,12.5979469924378,13.7081325856742,0.283210610519491
"Gates-BC-Rel-01","PaMZ",21,"On Treatment",21,"no washout",1280,"Positive",451314802,10.9916884864355,10.4365956898173,11.5467812830537,13.153039789056,12.5979469924378,13.7081325856742,0.283210610519491
"Gates-BC-Rel-01","PaMZ",21,"On Treatment",21,"no washout",443,"Positive",410296745,10.9916884864355,10.4365956898173,11.5467812830537,13.153039789056,12.5979469924378,13.7081325856742,0.283210610519491
"Gates-BC-Rel-01","PaMZ",21,"On Treatment",21,"no washout",1520,"Positive",495478007,10.9916884864355,10.4365956898173,11.5467812830537,13.153039789056,12.5979469924378,13.7081325856742,0.283210610519491
"Gates-BC-Rel-01","PaMZ",28,"On Treatment",28,"no washout",203,"Positive",411589713,10.9916884864355,10.4365956898173,11.5467812830537,13.153039789056,12.5979469924378,13.7081325856742,0.283210610519491
"Gates-BC-Rel-01","PaMZ",28,"On Treatment",28,"no washout",180,"Positive",354555743,10.9916884864355,10.4365956898173,11.5467812830537,13.153039789056,12.5979469924378,13.7081325856742,0.283210610519491
"Gates-BC-Rel-01","PaMZ",14,"On Treatment",14,"no washout",394000,"Positive",1619849140,10.9916884864355,10.4365956898173,11.5467812830537,13.153039789056,12.5979469924378,13.7081325856742,0.283210610519491
"Gates-BC-Rel-01","PaMZ",28,"On Treatment",28,"no washout",97.5,"Positive",245540829,10.9916884864355,10.4365956898173,11.5467812830537,13.153039789056,12.5979469924378,13.7081325856742,0.283210610519491
"Gates-BC-Rel-01","PaMZ",28,"On Treatment",28,"no washout",97.5,"Positive",246399881,10.9916884864355,10.4365956898173,11.5467812830537,13.153039789056,12.5979469924378,13.7081325856742,0.283210610519491
"Gates-BC-Rel-01","PaMZ",28,"On Treatment",28,"no washout",60,"Positive",146865597,10.9916884864355,10.4365956898173,11.5467812830537,13.153039789056,12.5979469924378,13.7081325856742,0.283210610519491
"Gates-BC-Rel-01","PaMZ",84,"On Treatment",84,"no washout",1.63,"Negative",36035738,10.9916884864355,10.4365956898173,11.5467812830537,13.153039789056,12.5979469924378,13.7081325856742,0.283210610519491
"Gates-BC-Rel-01","PaMZ",84,"On Treatment",84,"no washout",1.63,"Negative",27329114,10.9916884864355,10.4365956898173,11.5467812830537,13.153039789056,12.5979469924378,13.7081325856742,0.283210610519491
"Gates-BC-Rel-01","PaMZ",84,"On Treatment",84,"no washout",1.63,"Negative",14686573,10.9916884864355,10.4365956898173,11.5467812830537,13.153039789056,12.5979469924378,13.7081325856742,0.283210610519491
"Gates-BC-Rel-01","PaMZ",84,"On Treatment",84,"no washout",1.63,"Negative",12521647,10.9916884864355,10.4365956898173,11.5467812830537,13.153039789056,12.5979469924378,13.7081325856742,0.283210610519491
"Gates-BC-Rel-01","PaMZ",140,"On Treatment",140,"no washout",1.63,"Negative",3878331,10.9916884864355,10.4365956898173,11.5467812830537,13.153039789056,12.5979469924378,13.7081325856742,0.283210610519491
"Gates-BC-Rel-01","PaMZ",84,"On Treatment",84,"no washout",1.63,"Negative",20135457,10.9916884864355,10.4365956898173,11.5467812830537,13.153039789056,12.5979469924378,13.7081325856742,0.283210610519491
"Gates-BC-Rel-01","PaMZ",84,"On Treatment",84,"no washout",1.63,"Negative",32287085,10.9916884864355,10.4365956898173,11.5467812830537,13.153039789056,12.5979469924378,13.7081325856742,0.283210610519491
"Gates-BC-Rel-01","PaMZ",112,"On Treatment",112,"no washout",1.63,"Negative",2488073,10.9916884864355,10.4365956898173,11.5467812830537,13.153039789056,12.5979469924378,13.7081325856742,0.283210610519491
"Gates-BC-Rel-01","PaMZ",112,"On Treatment",112,"no washout",1.63,"Negative",1203052,10.9916884864355,10.4365956898173,11.5467812830537,13.153039789056,12.5979469924378,13.7081325856742,0.283210610519491
"Gates-BC-Rel-01","PaMZ",28,"On Treatment",28,"no washout",2420,"Positive",467052918,10.9916884864355,10.4365956898173,11.5467812830537,13.153039789056,12.5979469924378,13.7081325856742,0.283210610519491
"Gates-BC-Rel-01","PaMZ",112,"On Treatment",112,"no washout",1.63,"Negative",1458823,10.9916884864355,10.4365956898173,11.5467812830537,13.153039789056,12.5979469924378,13.7081325856742,0.283210610519491
"Gates-BC-Rel-01","PaMZ",112,"On Treatment",112,"no washout",1.63,"Negative",1252194,10.9916884864355,10.4365956898173,11.5467812830537,13.153039789056,12.5979469924378,13.7081325856742,0.283210610519491
"Gates-BC-Rel-01","PaMZ",112,"On Treatment",112,"no washout",1.63,"Negative",2432032,10.9916884864355,10.4365956898173,11.5467812830537,13.153039789056,12.5979469924378,13.7081325856742,0.283210610519491
"Gates-BC-Rel-01","PaMZ",140,"On Treatment",140,"no washout",1.63,"Negative",16373930,10.9916884864355,10.4365956898173,11.5467812830537,13.153039789056,12.5979469924378,13.7081325856742,0.283210610519491
"Gates-BC-Rel-01","PaMZ",140,"On Treatment",140,"no washout",1.63,"Negative",11873561,10.9916884864355,10.4365956898173,11.5467812830537,13.153039789056,12.5979469924378,13.7081325856742,0.283210610519491
"Gates-BC-Rel-01","PaMZ",140,"On Treatment",140,"no washout",1.63,"Negative",9836884,10.9916884864355,10.4365956898173,11.5467812830537,13.153039789056,12.5979469924378,13.7081325856742,0.283210610519491
"Gates-BC-Rel-01","PaMZ",140,"On Treatment",140,"no washout",1.63,"Negative",30061818,10.9916884864355,10.4365956898173,11.5467812830537,13.153039789056,12.5979469924378,13.7081325856742,0.283210610519491
"Gates-BC-Rel-01","PaMZ",140,"On Treatment",140,"no washout",1.63,"Negative",4067462,10.9916884864355,10.4365956898173,11.5467812830537,13.153039789056,12.5979469924378,13.7081325856742,0.283210610519491
"Gates-BC-Rel-01","PaMZ",112,"On Treatment",112,"no washout",1.63,"Negative",6472558,10.9916884864355,10.4365956898173,11.5467812830537,13.153039789056,12.5979469924378,13.7081325856742,0.283210610519491
"Gates-BC-Rel-01","PreRx",0,"On Treatment",0,"no washout",20600000,"Positive",919402142,NA,NA,NA,NA,NA,NA,NA
"Gates-BC-Rel-01","PreRx",0,"On Treatment",0,"no washout",12700000,"Positive",915402131,NA,NA,NA,NA,NA,NA,NA
"Gates-BC-Rel-01","PreRx",0,"On Treatment",0,"no washout",20200000,"Positive",2480907718,NA,NA,NA,NA,NA,NA,NA
"Gates-BC-Rel-01","PreRx",0,"On Treatment",0,"no washout",20400000,"Positive",1790441572,NA,NA,NA,NA,NA,NA,NA
"Gates-BC-Rel-01","PreRx",0,"On Treatment",0,"no washout",15900000,"Positive",2005707634,NA,NA,NA,NA,NA,NA,NA
"Gates-BC-Rel-01","PreRx",0,"On Treatment",0,"no washout",15700000,"Positive",1716742908,NA,NA,NA,NA,NA,NA,NA
"TBDA-BC-Rel-01","BDOS",14,"On Treatment",14,"no washout",24375,"Positive",129682820,10.1490421954899,9.91965755530417,10.3784268356757,12.1446996958497,11.9153150556639,12.3740843360355,0.117032979686617
"TBDA-BC-Rel-01","BDOS",14,"On Treatment",14,"no washout",28125,"Positive",108411694,10.1490421954899,9.91965755530417,10.3784268356757,12.1446996958497,11.9153150556639,12.3740843360355,0.117032979686617
"TBDA-BC-Rel-01","BDOS",14,"On Treatment",14,"no washout",16875,"Positive",219688442,10.1490421954899,9.91965755530417,10.3784268356757,12.1446996958497,11.9153150556639,12.3740843360355,0.117032979686617
"TBDA-BC-Rel-01","BDOS",14,"On Treatment",14,"no washout",24375,"Positive",141270541,10.1490421954899,9.91965755530417,10.3784268356757,12.1446996958497,11.9153150556639,12.3740843360355,0.117032979686617
"TBDA-BC-Rel-01","BDOS",14,"On Treatment",14,"no washout",18750,"Positive",597314717,10.1490421954899,9.91965755530417,10.3784268356757,12.1446996958497,11.9153150556639,12.3740843360355,0.117032979686617
"TBDA-BC-Rel-01","BDOS",28,"On Treatment",28,"no washout",118.75,"Positive",314026777,10.1490421954899,9.91965755530417,10.3784268356757,12.1446996958497,11.9153150556639,12.3740843360355,0.117032979686617
"TBDA-BC-Rel-01","BDOS",28,"On Treatment",28,"no washout",43.75,"Positive",180887229,10.1490421954899,9.91965755530417,10.3784268356757,12.1446996958497,11.9153150556639,12.3740843360355,0.117032979686617
"TBDA-BC-Rel-01","BDOS",28,"On Treatment",28,"no washout",68.75,"Positive",124528343,10.1490421954899,9.91965755530417,10.3784268356757,12.1446996958497,11.9153150556639,12.3740843360355,0.117032979686617
"TBDA-BC-Rel-01","BDOS",28,"On Treatment",28,"no washout",1103.13,"Positive",23456773,10.1490421954899,9.91965755530417,10.3784268356757,12.1446996958497,11.9153150556639,12.3740843360355,0.117032979686617
"TBDA-BC-Rel-01","BDOS",28,"On Treatment",28,"no washout",90.63,"Positive",26749917,10.1490421954899,9.91965755530417,10.3784268356757,12.1446996958497,11.9153150556639,12.3740843360355,0.117032979686617
"TBDA-BC-Rel-01","BDOS",42,"On Treatment",42,"no washout",1.5625,"Negative",75130177,10.1490421954899,9.91965755530417,10.3784268356757,12.1446996958497,11.9153150556639,12.3740843360355,0.117032979686617
"TBDA-BC-Rel-01","BDOS",42,"On Treatment",42,"no washout",1.5625,"Negative",65359007,10.1490421954899,9.91965755530417,10.3784268356757,12.1446996958497,11.9153150556639,12.3740843360355,0.117032979686617
"TBDA-BC-Rel-01","BDOS",42,"On Treatment",42,"no washout",3.125,"Positive",53852511,10.1490421954899,9.91965755530417,10.3784268356757,12.1446996958497,11.9153150556639,12.3740843360355,0.117032979686617
"TBDA-BC-Rel-01","BDOS",42,"On Treatment",42,"no washout",3.125,"Positive",38066116,10.1490421954899,9.91965755530417,10.3784268356757,12.1446996958497,11.9153150556639,12.3740843360355,0.117032979686617
"TBDA-BC-Rel-01","BDOS",42,"On Treatment",42,"no washout",1.5625,"Negative",33951653,10.1490421954899,9.91965755530417,10.3784268356757,12.1446996958497,11.9153150556639,12.3740843360355,0.117032979686617
"TBDA-BC-Rel-01","BDOS",56,"On Treatment",56,"no washout",1.5625,"Negative",77239864,10.1490421954899,9.91965755530417,10.3784268356757,12.1446996958497,11.9153150556639,12.3740843360355,0.117032979686617
"TBDA-BC-Rel-01","BDOS",56,"On Treatment",56,"no washout",1.5625,"Negative",22523113,10.1490421954899,9.91965755530417,10.3784268356757,12.1446996958497,11.9153150556639,12.3740843360355,0.117032979686617
"TBDA-BC-Rel-01","BDOS",56,"On Treatment",56,"no washout",1.5625,"Negative",23013872,10.1490421954899,9.91965755530417,10.3784268356757,12.1446996958497,11.9153150556639,12.3740843360355,0.117032979686617
"TBDA-BC-Rel-01","BDOS",56,"On Treatment",56,"no washout",1.5625,"Negative",35448667,10.1490421954899,9.91965755530417,10.3784268356757,12.1446996958497,11.9153150556639,12.3740843360355,0.117032979686617
"TBDA-BC-Rel-01","BDOS",56,"On Treatment",56,"no washout",1.5625,"Negative",58560124,10.1490421954899,9.91965755530417,10.3784268356757,12.1446996958497,11.9153150556639,12.3740843360355,0.117032979686617
"TBDA-BC-Rel-01","BDOS",70,"On Treatment",70,"no washout",1.5625,"Negative",3913592,10.1490421954899,9.91965755530417,10.3784268356757,12.1446996958497,11.9153150556639,12.3740843360355,0.117032979686617
"TBDA-BC-Rel-01","BDOS",70,"On Treatment",70,"no washout",1.5625,"Negative",5929851,10.1490421954899,9.91965755530417,10.3784268356757,12.1446996958497,11.9153150556639,12.3740843360355,0.117032979686617
"TBDA-BC-Rel-01","BDOS",70,"On Treatment",70,"no washout",1.5625,"Negative",9243973,10.1490421954899,9.91965755530417,10.3784268356757,12.1446996958497,11.9153150556639,12.3740843360355,0.117032979686617
"TBDA-BC-Rel-01","BDOS",70,"On Treatment",70,"no washout",1.5625,"Negative",5656623,10.1490421954899,9.91965755530417,10.3784268356757,12.1446996958497,11.9153150556639,12.3740843360355,0.117032979686617
"TBDA-BC-Rel-01","BDOS",70,"On Treatment",70,"no washout",1.5625,"Negative",9325696,10.1490421954899,9.91965755530417,10.3784268356757,12.1446996958497,11.9153150556639,12.3740843360355,0.117032979686617
"TBDA-BC-Rel-01","BPaMZ",14,"On Treatment",14,"no washout",9375,"Positive",445623687,4.21720202771572,4.08361919996824,4.3507848554632,5.04645179286924,4.91286896512177,5.18003462061672,0.0681545039527946
"TBDA-BC-Rel-01","BPaMZ",14,"On Treatment",14,"no washout",6000,"Positive",336026643,4.21720202771572,4.08361919996824,4.3507848554632,5.04645179286924,4.91286896512177,5.18003462061672,0.0681545039527946
"TBDA-BC-Rel-01","BPaMZ",14,"On Treatment",14,"no washout",5625,"Positive",96794147,4.21720202771572,4.08361919996824,4.3507848554632,5.04645179286924,4.91286896512177,5.18003462061672,0.0681545039527946
"TBDA-BC-Rel-01","BPaMZ",14,"On Treatment",14,"no washout",12750,"Positive",268767075,4.21720202771572,4.08361919996824,4.3507848554632,5.04645179286924,4.91286896512177,5.18003462061672,0.0681545039527946
"TBDA-BC-Rel-01","BPaMZ",14,"On Treatment",14,"no washout",12375,"Positive",131254032,4.21720202771572,4.08361919996824,4.3507848554632,5.04645179286924,4.91286896512177,5.18003462061672,0.0681545039527946
"TBDA-BC-Rel-01","BPaMZ",28,"On Treatment",28,"no washout",3.125,"Positive",23959149,4.21720202771572,4.08361919996824,4.3507848554632,5.04645179286924,4.91286896512177,5.18003462061672,0.0681545039527946
"TBDA-BC-Rel-01","BPaMZ",28,"On Treatment",28,"no washout",1.5625,"Negative",39359600,4.21720202771572,4.08361919996824,4.3507848554632,5.04645179286924,4.91286896512177,5.18003462061672,0.0681545039527946
"TBDA-BC-Rel-01","BPaMZ",28,"On Treatment",28,"no washout",1.5625,"Negative",17872024,4.21720202771572,4.08361919996824,4.3507848554632,5.04645179286924,4.91286896512177,5.18003462061672,0.0681545039527946
"TBDA-BC-Rel-01","BPaMZ",28,"On Treatment",28,"no washout",1.5625,"Negative",33902404,4.21720202771572,4.08361919996824,4.3507848554632,5.04645179286924,4.91286896512177,5.18003462061672,0.0681545039527946
"TBDA-BC-Rel-01","BPaMZ",28,"On Treatment",28,"no washout",1.5625,"Negative",13420038,4.21720202771572,4.08361919996824,4.3507848554632,5.04645179286924,4.91286896512177,5.18003462061672,0.0681545039527946
"TBDA-BC-Rel-01","BPaMZ",42,"On Treatment",42,"no washout",1.5625,"Negative",10775362,4.21720202771572,4.08361919996824,4.3507848554632,5.04645179286924,4.91286896512177,5.18003462061672,0.0681545039527946
"TBDA-BC-Rel-01","BPaMZ",42,"On Treatment",42,"no washout",1.5625,"Negative",5176139,4.21720202771572,4.08361919996824,4.3507848554632,5.04645179286924,4.91286896512177,5.18003462061672,0.0681545039527946
"TBDA-BC-Rel-01","BPaMZ",42,"On Treatment",42,"no washout",1.5625,"Negative",5883022,4.21720202771572,4.08361919996824,4.3507848554632,5.04645179286924,4.91286896512177,5.18003462061672,0.0681545039527946
"TBDA-BC-Rel-01","BPaMZ",42,"On Treatment",42,"no washout",3.125,"Positive",7239582,4.21720202771572,4.08361919996824,4.3507848554632,5.04645179286924,4.91286896512177,5.18003462061672,0.0681545039527946
"TBDA-BC-Rel-01","BPaMZ",42,"On Treatment",42,"no washout",1.5625,"Negative",11238346,4.21720202771572,4.08361919996824,4.3507848554632,5.04645179286924,4.91286896512177,5.18003462061672,0.0681545039527946
"TBDA-BC-Rel-01","BPaMZ",56,"On Treatment",56,"no washout",1.5625,"Negative",25252730,4.21720202771572,4.08361919996824,4.3507848554632,5.04645179286924,4.91286896512177,5.18003462061672,0.0681545039527946
"TBDA-BC-Rel-01","BPaMZ",56,"On Treatment",56,"no washout",1.5625,"Negative",3773706,4.21720202771572,4.08361919996824,4.3507848554632,5.04645179286924,4.91286896512177,5.18003462061672,0.0681545039527946
"TBDA-BC-Rel-01","BPaMZ",56,"On Treatment",56,"no washout",1.5625,"Negative",2344022,4.21720202771572,4.08361919996824,4.3507848554632,5.04645179286924,4.91286896512177,5.18003462061672,0.0681545039527946
"TBDA-BC-Rel-01","BPaMZ",56,"On Treatment",56,"no washout",1.5625,"Negative",1640839,4.21720202771572,4.08361919996824,4.3507848554632,5.04645179286924,4.91286896512177,5.18003462061672,0.0681545039527946
"TBDA-BC-Rel-01","BPaMZ",56,"On Treatment",56,"no washout",1.5625,"Negative",5986416,4.21720202771572,4.08361919996824,4.3507848554632,5.04645179286924,4.91286896512177,5.18003462061672,0.0681545039527946
"TBDA-BC-Rel-01","BPaOS",14,"On Treatment",14,"no washout",22500,"Positive",456862510,8.60806862649055,8.3692343560422,8.84690289693889,10.3007166997936,10.0618824293452,10.5395509702419,0.121854219616504
"TBDA-BC-Rel-01","BPaOS",14,"On Treatment",14,"no washout",50625,"Positive",160487664,8.60806862649055,8.3692343560422,8.84690289693889,10.3007166997936,10.0618824293452,10.5395509702419,0.121854219616504
"TBDA-BC-Rel-01","BPaOS",14,"On Treatment",14,"no washout",131250,"Positive",222200132,8.60806862649055,8.3692343560422,8.84690289693889,10.3007166997936,10.0618824293452,10.5395509702419,0.121854219616504
"TBDA-BC-Rel-01","BPaOS",14,"On Treatment",14,"no washout",58125,"Positive",107968728,8.60806862649055,8.3692343560422,8.84690289693889,10.3007166997936,10.0618824293452,10.5395509702419,0.121854219616504
"TBDA-BC-Rel-01","BPaOS",14,"On Treatment",14,"no washout",16500,"Positive",47920378,8.60806862649055,8.3692343560422,8.84690289693889,10.3007166997936,10.0618824293452,10.5395509702419,0.121854219616504
"TBDA-BC-Rel-01","BPaOS",28,"On Treatment",28,"no washout",446.88,"Positive",16441301,8.60806862649055,8.3692343560422,8.84690289693889,10.3007166997936,10.0618824293452,10.5395509702419,0.121854219616504
"TBDA-BC-Rel-01","BPaOS",28,"On Treatment",28,"no washout",6.25,"Positive",50851338,8.60806862649055,8.3692343560422,8.84690289693889,10.3007166997936,10.0618824293452,10.5395509702419,0.121854219616504
"TBDA-BC-Rel-01","BPaOS",28,"On Treatment",28,"no washout",46.88,"Positive",31207558,8.60806862649055,8.3692343560422,8.84690289693889,10.3007166997936,10.0618824293452,10.5395509702419,0.121854219616504
"TBDA-BC-Rel-01","BPaOS",28,"On Treatment",28,"no washout",96.88,"Positive",1827118,8.60806862649055,8.3692343560422,8.84690289693889,10.3007166997936,10.0618824293452,10.5395509702419,0.121854219616504
"TBDA-BC-Rel-01","BPaOS",42,"On Treatment",42,"no washout",3.125,"Positive",43544046,8.60806862649055,8.3692343560422,8.84690289693889,10.3007166997936,10.0618824293452,10.5395509702419,0.121854219616504
"TBDA-BC-Rel-01","BPaOS",42,"On Treatment",42,"no washout",1.5625,"Negative",35155580,8.60806862649055,8.3692343560422,8.84690289693889,10.3007166997936,10.0618824293452,10.5395509702419,0.121854219616504
"TBDA-BC-Rel-01","BPaOS",42,"On Treatment",42,"no washout",3.125,"Positive",56805365,8.60806862649055,8.3692343560422,8.84690289693889,10.3007166997936,10.0618824293452,10.5395509702419,0.121854219616504
"TBDA-BC-Rel-01","BPaOS",42,"On Treatment",42,"no washout",1.5625,"Negative",66791827,8.60806862649055,8.3692343560422,8.84690289693889,10.3007166997936,10.0618824293452,10.5395509702419,0.121854219616504
"TBDA-BC-Rel-01","BPaOS",42,"On Treatment",42,"no washout",3.125,"Positive",74406910,8.60806862649055,8.3692343560422,8.84690289693889,10.3007166997936,10.0618824293452,10.5395509702419,0.121854219616504
"TBDA-BC-Rel-01","BPaOS",56,"On Treatment",56,"no washout",1.5625,"Negative",98152795,8.60806862649055,8.3692343560422,8.84690289693889,10.3007166997936,10.0618824293452,10.5395509702419,0.121854219616504
"TBDA-BC-Rel-01","BPaOS",56,"On Treatment",56,"no washout",1.5625,"Negative",45219066,8.60806862649055,8.3692343560422,8.84690289693889,10.3007166997936,10.0618824293452,10.5395509702419,0.121854219616504
"TBDA-BC-Rel-01","BPaOS",56,"On Treatment",56,"no washout",1.5625,"Negative",33709549,8.60806862649055,8.3692343560422,8.84690289693889,10.3007166997936,10.0618824293452,10.5395509702419,0.121854219616504
"TBDA-BC-Rel-01","BPaOS",56,"On Treatment",56,"no washout",1.5625,"Negative",38465905,8.60806862649055,8.3692343560422,8.84690289693889,10.3007166997936,10.0618824293452,10.5395509702419,0.121854219616504
"TBDA-BC-Rel-01","BPaOS",56,"On Treatment",56,"no washout",1.5625,"Negative",37137896,8.60806862649055,8.3692343560422,8.84690289693889,10.3007166997936,10.0618824293452,10.5395509702419,0.121854219616504
"TBDA-BC-Rel-01","BPaOS",70,"On Treatment",70,"no washout",1.5625,"Negative",12860651,8.60806862649055,8.3692343560422,8.84690289693889,10.3007166997936,10.0618824293452,10.5395509702419,0.121854219616504
"TBDA-BC-Rel-01","BPaOS",70,"On Treatment",70,"no washout",1.5625,"Negative",6002390,8.60806862649055,8.3692343560422,8.84690289693889,10.3007166997936,10.0618824293452,10.5395509702419,0.121854219616504
"TBDA-BC-Rel-01","BPaOS",70,"On Treatment",70,"no washout",1.5625,"Negative",8627707,8.60806862649055,8.3692343560422,8.84690289693889,10.3007166997936,10.0618824293452,10.5395509702419,0.121854219616504
"TBDA-BC-Rel-01","BPaOS",70,"On Treatment",70,"no washout",1.5625,"Negative",11048612,8.60806862649055,8.3692343560422,8.84690289693889,10.3007166997936,10.0618824293452,10.5395509702419,0.121854219616504
"TBDA-BC-Rel-01","BPaOS",70,"On Treatment",70,"no washout",1.5625,"Negative",4120033,8.60806862649055,8.3692343560422,8.84690289693889,10.3007166997936,10.0618824293452,10.5395509702419,0.121854219616504
"TBDA-BC-Rel-01","PreRx",0,"On Treatment",0,"no washout",67968750,"Positive",840388882,NA,NA,NA,NA,NA,NA,NA
"TBDA-BC-Rel-01","PreRx",0,"On Treatment",0,"no washout",49218750,"Positive",579814244,NA,NA,NA,NA,NA,NA,NA
"TBDA-BC-Rel-01","PreRx",0,"On Treatment",0,"no washout",22968750,"Positive",435234867,NA,NA,NA,NA,NA,NA,NA
"TBDA-BC-Rel-01","PreRx",0,"On Treatment",0,"no washout",51562500,"Positive",229301341,NA,NA,NA,NA,NA,NA,NA
"TBDA-BC-Rel-01","PreRx",0,"On Treatment",0,"no washout",20625000,"Positive",473779133,NA,NA,NA,NA,NA,NA,NA
"TBDA-BC-Rel-01","PreRx",0,"On Treatment",0,"no washout",65625000,"Positive",446545199,NA,NA,NA,NA,NA,NA,NA
"TBDA-BC-Rel-01","PreRx",0,"On Treatment",0,"no washout",28125000,"Positive",272870536,NA,NA,NA,NA,NA,NA,NA
"TBDA-BC-Rel-01","PreRx",0,"On Treatment",0,"no washout",21562500,"Positive",786213815,NA,NA,NA,NA,NA,NA,NA
"TBDA-BC-Rel-01","PreRx",0,"On Treatment",0,"no washout",42187500,"Positive",1341340608,NA,NA,NA,NA,NA,NA,NA
